Park Type,Wind farm,Turbine Platform,Turbine,Component Failed,Outage cause,Material number,Failed Component Serial number,New Component Serial number,Failure Mode,Component Commisioning Date,Turbine Stopp Date,Jackup Call-off Date,Component Exchange Date,Turbine start date,Estimated Lost Production,Estimated Lost Revenue,Work Order,Main Component Cost,Jackup Cost,Other Project Cost,Jackup vessel,Alarm code 1,Alarm code 2,Alarm code 3,Alarm code 4,Alarm code 5,Alarm code 6,Alarm code 7,Alarm code 8,Alarm code 9,Alarm code 10,Alarm code 11,Alarm code 12,Alarm code 13,Alarm code 14,Alarm code 15,Alarm code 16,Alarm code 17,Alarm code 18,Alarm code 19,Alarm code 20
Onshore,Jänschwalde,V90-2MW,GJW001,Gearbox,,,,"Winergy, Typ PEAB4435, Nr. 4805340-0040-1",,2005-02-08 00:00:00,,,2005-06-05,,0.0,,,0.0,0.0,0.0,,,,,,,,,,,,,,,,,,,,,
Onshore,Jänschwalde,V90-2MW,GJW001,Transformer,,,,"SGB, Typ DTTHIL 1600/20, Nr. 217486",,2005-02-08 00:00:00,,,2006-04-27,,0.0,,,0.0,0.0,0.0,,,,,,,,,,,,,,,,,,,,,
Onshore,Jänschwalde,V90-2MW,GJW002,Transformer,,,,"SGB, Typ DTTHIL 1600/20, Nr. 216168",,2005-12-31 00:00:00,,,2006-05-10,,0.0,,,0.0,0.0,0.0,,,,,,,,,,,,,,,,,,,,,
Offshore,Egmond aan Zee,V90-3MW,NEZ006,Generator,,,601097 TD 03,601259 UH 11,Serial Defect,,,,2008-02-09,,0.0,,,0.0,0.0,0.0,,,,,,,,,,,,,,,,,,,,,
Offshore,Egmond aan Zee,V90-3MW,NEZ007,Generator,,,600970 TC 14,601259 UE 10,Serial Defect,,,,2008-02-10,,0.0,,,0.0,0.0,0.0,,,,,,,,,,,,,,,,,,,,,
Offshore,Egmond aan Zee,V90-3MW,NEZ022,Generator,,,600970 TB 12,601259 UB 07,Serial Defect,,,,2008-02-18,,0.0,,,0.0,0.0,0.0,,,,,,,,,,,,,,,,,,,,,
Offshore,Egmond aan Zee,V90-3MW,NEZ033,Gearbox,,,EF901E-003L/LM0001,EF901E-003L/LM0001,Serial Defect,,2007-11-23,,2008-02-24,,0.0,,,0.0,0.0,0.0,,,,,,,,,,,,,,,,,,,,,
Offshore,Egmond aan Zee,V90-3MW,NEZ025,Gearbox,,,EF901E-003L/LM0002,EF901E-003L/LM0002,Serial Defect,,2007-11-17,,2008-02-25,,0.0,,,0.0,0.0,0.0,,,,,,,,,,,,,,,,,,,,,
Offshore,Egmond aan Zee,V90-3MW,NEZ010,Generator,,,600972 TA 02,601097 TD 03,Serial Defect,,,,2008-04-10,,0.0,0.0,,0.0,0.0,0.0,,,,,,,,,,,,,,,,,,,,,
Offshore,Egmond aan Zee,V90-3MW,NEZ028,Generator,,,601097TC01,600970 TB 12,Serial Defect,,,,2008-04-23,,0.0,0.0,,0.0,0.0,0.0,,,,,,,,,,,,,,,,,,,,,
Offshore,Egmond aan Zee,V90-3MW,NEZ030,Generator,,,601097 TC 28,600972 TA 02,Serial Defect,,,,2008-05-02,,0.0,0.0,,0.0,0.0,0.0,,,,,,,,,,,,,,,,,,,,,
Offshore,Egmond aan Zee,V90-3MW,NEZ024,Generator,,,601097 TD10,600970 TC 14,Serial Defect,,,,2008-05-04,,0.0,0.0,,0.0,0.0,0.0,,,,,,,,,,,,,,,,,,,,,
Offshore,Egmond aan Zee,V90-3MW,NEZ009,Generator,,,601097 TD 06,601097 TC 01,Serial Defect,,,,2008-05-07,,0.0,0.0,,0.0,0.0,0.0,,,,,,,,,,,,,,,,,,,,,
Offshore,Egmond aan Zee,V90-3MW,NEZ027,Generator,,,600970 TB  08,600564 SE 07,Serial Defect,,,,2008-05-09,,0.0,0.0,,0.0,0.0,0.0,,,,,,,,,,,,,,,,,,,,,
Offshore,Egmond aan Zee,V90-3MW,NEZ026,Generator,,,601097 TC29,601097 TC28,Serial Defect,,,,2008-07-24,,0.0,0.0,,0.0,0.0,0.0,,,,,,,,,,,,,,,,,,,,,
Offshore,Egmond aan Zee,V90-3MW,NEZ026,Gearbox,,,EF901E-003L/LM0074,EF901E-003L/LM0074,Serial Defect,,2008-07-23,,2008-08-06,,0.0,0.0,,0.0,0.0,0.0,,,,,,,,,,,,,,,,,,,,,
Offshore,Kentish Flats,V90-3MW,UKFB04,Gearbox,,,EF901D-003L/LM0212,EF901E-003L/LM0051,Serial Defect,,,,2008-09-14,,0.0,0.0,,0.0,0.0,0.0,,,,,,,,,,,,,,,,,,,,,
Offshore,Kentish Flats,V90-3MW,UKFC05,Gearbox,,,EF901D-003L/LM0210,EF901E-003L/LM0052,Serial Defect,,,,2008-09-17,,0.0,0.0,,0.0,0.0,0.0,,,,,,,,,,,,,,,,,,,,,
Offshore,Kentish Flats,V90-3MW,UKFF05,Gearbox,,,EF901D-003L/LM0206,EF901E-013L/LM0092,Serial Defect,,,,2008-09-19,,0.0,0.0,,0.0,0.0,0.0,,,,,,,,,,,,,,,,,,,,,
Offshore,Kentish Flats,V90-3MW,UKFC03,Gearbox,,,EF901D-003L/LM2086,EF901E-003L/LM0051,Serial Defect,,,,2008-09-28,,0.0,0.0,,0.0,0.0,0.0,,,,,,,,,,,,,,,,,,,,,
Offshore,Kentish Flats,V90-3MW,UKFD02,Gearbox,,,EF901D-003L/LM0189,EF901E-003L/LM0087,Serial Defect,,,,2008-10-02,,0.0,0.0,,0.0,0.0,0.0,,,,,,,,,,,,,,,,,,,,,
Offshore,Kentish Flats,V90-3MW,UKFD03,Gearbox,,,EF901D-003L/LM0327,RW-EF901E-103L/LM0007,Serial Defect,,,,2008-12-24,,0.0,0.0,,0.0,0.0,0.0,,,,,,,,,,,,,,,,,,,,,
Offshore,Kentish Flats,V90-3MW,UKFD01,Gearbox,,,EF901D-003L/LM0186,RW-EF901E-403L/LM0008,Serial Defect,,,,2008-12-30,,0.0,0.0,,0.0,0.0,0.0,,,,,,,,,,,,,,,,,,,,,
Offshore,Kentish Flats,V90-3MW,UKFA04,Gearbox,,,EF901D-013L/LM0033,RW-EF901D-103L/LM0006,Serial Defect,,,,2008-12-31,,0.0,0.0,,0.0,0.0,0.0,,,,,,,,,,,,,,,,,,,,,
Offshore,Kentish Flats,V90-3MW,UKFE02,Gearbox,,,EF901D-003L/LM0306,RW-EF901E-403L/LM0004,Serial Defect,,,,2009-01-01,,0.0,0.0,,0.0,0.0,0.0,,,,,,,,,,,,,,,,,,,,,
Offshore,Kentish Flats,V90-3MW,UKFA02,Gearbox,,,EF901D-003L/LM0193,RW-EF901D-103L/LM0005,Serial Defect,,,,2009-01-04,,0.0,0.0,,0.0,0.0,0.0,,,,,,,,,,,,,,,,,,,,,
Offshore,Kentish Flats,V90-3MW,UKFE05,Gearbox,,,EF901D-013L/LM0049,RW-EF901E-103L/LM0010,Serial Defect,,,,2009-01-07,,0.0,0.0,,0.0,0.0,0.0,,,,,,,,,,,,,,,,,,,,,
Offshore,Kentish Flats,V90-3MW,UKFF04,Gearbox,,,RW-EF901C-001L/M0080,EF901E-013L/LM0073,Serial Defect,,,,2009-01-14,,0.0,0.0,,0.0,0.0,0.0,,,,,,,,,,,,,,,,,,,,,
Offshore,Kentish Flats,V90-3MW,UKFA01,Gearbox,,,EF901D-013L/LM0021,EF901E-013L/LM0074,Serial Defect,,,,2009-01-20,,0.0,0.0,,0.0,0.0,0.0,,,,,,,,,,,,,,,,,,,,,
Offshore,Egmond aan Zee,V90-3MW,NEZ001,Gearbox,,,EF901D-003L/LM0320,RW EF901D-103L/LM0011,Serial Defect,,2008-05-07,,2009-01-26,,0.0,0.0,,0.0,0.0,0.0,,,,,,,,,,,,,,,,,,,,,
Offshore,Egmond aan Zee,V90-3MW,NEZ001,Generator,,,601097 TC 25,601097 TD 06,Serial Defect,,,,2009-01-26,,0.0,0.0,,0.0,0.0,0.0,,,,,,,,,,,,,,,,,,,,,
Offshore,Egmond aan Zee,V90-3MW,NEZ005,Gearbox,,,EF901D-003L/LM0340,EF901E-013L/LM0079,Serial Defect,,2008-08-29,,2009-01-27,,0.0,0.0,,0.0,0.0,0.0,,,,,,,,,,,,,,,,,,,,,
Offshore,Horns Rev 1,V80-2MW,WH1346,Gearbox,,"40074658, 40085066",,728003625,,,,,2009-02-01,,0.0,0.0,,0.0,0.0,0.0,,,,,,,,,,,,,,,,,,,,,
Offshore,Horns Rev 1,V80-2MW,WH1351,Gearbox,,"40074658, 40085066",,728003627,,,,,2009-02-01,,0.0,0.0,,0.0,0.0,0.0,,,,,,,,,,,,,,,,,,,,,
Offshore,Horns Rev 1,V80-2MW,WH1466,Gearbox,,"40074658, 40085066",,72802004580,,,,,2009-02-01,,0.0,0.0,,0.0,0.0,0.0,,,,,,,,,,,,,,,,,,,,,
Offshore,Horns Rev 1,V80-2MW,WH1594,Gearbox,,"40074658, 40085066",,728003626,,,,,2009-02-01,,0.0,0.0,,0.0,0.0,0.0,,,,,,,,,,,,,,,,,,,,,
Offshore,Horns Rev 1,V80-2MW,WH1598,Gearbox,,"40074658, 40085066",,728003624,,,,,2009-02-01,,0.0,0.0,,0.0,0.0,0.0,,,,,,,,,,,,,,,,,,,,,
Offshore,Egmond aan Zee,V90-3MW,NEZ035,Generator,,,601097TD11,601097TD10,Serial Defect,,,,2009-02-03,,0.0,0.0,,0.0,0.0,0.0,,,,,,,,,,,,,,,,,,,,,
Offshore,Egmond aan Zee,V90-3MW,NEZ036,Generator,,,601097TD12,600970TB08,Serial Defect,,,,2009-02-05,,0.0,0.0,,0.0,0.0,0.0,,,,,,,,,,,,,,,,,,,,,
Onshore,Lyngsmose,"SWT-2,3MW",WLY001,Gearbox,,,,,,2008-01-01 00:00:00,,,2009-03-03,,0.0,0.0,,0.0,0.0,0.0,,,,,,,,,,,,,,,,,,,,,
Onshore,Lyngsmose,"SWT-2,3MW",WLY002,Gearbox,,,,,,2008-01-01 00:00:00,,,2009-03-03,,0.0,0.0,,0.0,0.0,0.0,,,,,,,,,,,,,,,,,,,,,
Onshore,Nørrekær Enge,"SWT-2,3MW",,Gearbox,,,,,,2009-01-01 00:00:00,,,2009-03-03,,0.0,0.0,,0.0,0.0,0.0,,,,,,,,,,,,,,,,,,,,,
Onshore,Nørrekær Enge,"SWT-2,3MW",,Generator,,,,,,2009-01-01 00:00:00,,,2009-03-03,,0.0,0.0,,0.0,0.0,0.0,,,,,,,,,,,,,,,,,,,,,
Onshore,Nørrekær Enge,"SWT-2,3MW",,Main bearing,,,,,,2009-01-01 00:00:00,,,2009-03-03,,0.0,0.0,,0.0,0.0,0.0,,,,,,,,,,,,,,,,,,,,,
Onshore,Nørrekær Enge,"SWT-2,3MW",,Main bearing,,,,,,2009-01-01 00:00:00,,,2009-03-03,,0.0,0.0,,0.0,0.0,0.0,,,,,,,,,,,,,,,,,,,,,
Onshore,Nørrekær Enge,"SWT-2,3MW",,Main bearing,,,,,,2009-01-01 00:00:00,,,2009-03-03,,0.0,0.0,,0.0,0.0,0.0,,,,,,,,,,,,,,,,,,,,,
Onshore,Nørrekær Enge,"SWT-2,3MW",,Main bearing,,,,,,2009-01-01 00:00:00,,,2009-03-03,,0.0,0.0,,0.0,0.0,0.0,,,,,,,,,,,,,,,,,,,,,
Onshore,Nørrekær Enge,"SWT-2,3MW",,Main bearing,,,,,,2009-01-01 00:00:00,,,2009-03-03,,0.0,0.0,,0.0,0.0,0.0,,,,,,,,,,,,,,,,,,,,,
Onshore,Nørrekær Enge,"SWT-2,3MW",,Main bearing,,,,,,2009-01-01 00:00:00,,,2009-03-03,,0.0,0.0,,0.0,0.0,0.0,,,,,,,,,,,,,,,,,,,,,
Onshore,Nørrekær Enge,"SWT-2,3MW",,Main bearing,,,,,,2009-01-01 00:00:00,,,2009-03-03,,0.0,0.0,,0.0,0.0,0.0,,,,,,,,,,,,,,,,,,,,,
Offshore,Egmond aan Zee,V90-3MW,NEZ011,Gearbox,,,EF901D-003L/LM0323,RW EF901D-103L/LM0017,Serial Defect,,2008-08-29,,2009-03-31,,0.0,0.0,,0.0,0.0,0.0,,,,,,,,,,,,,,,,,,,,,
Offshore,Egmond aan Zee,V90-3MW,NEZ013,Gearbox,,,EF901D-003L/LM0378,RW EF901D-103L/LM0026,Serial Defect,,2008-11-05,,2009-03-31,,0.0,0.0,,0.0,0.0,0.0,,,,,,,,,,,,,,,,,,,,,
Offshore,Egmond aan Zee,V90-3MW,NEZ003,Gearbox,,,EF901D-003L/LM0351,RW EF901E-403L/LM0045,Serial Defect,,2009-03-16,,2009-04-03,,0.0,0.0,,0.0,0.0,0.0,,,,,,,,,,,,,,,,,,,,,
Offshore,Egmond aan Zee,V90-3MW,NEZ017,Gearbox,,,EF901D-003L/LM0034,RW EF901E-403L/LM0044,Serial Defect,,2009-01-14,,2009-04-04,,0.0,0.0,,0.0,0.0,0.0,,,,,,,,,,,,,,,,,,,,,
Offshore,Egmond aan Zee,V90-3MW,NEZ021,Gearbox,,,EF901D-003L/LM0317,RW EF901E-403L/LM0047,Serial Defect,,2009-01-27,,2009-04-11,,0.0,0.0,,0.0,0.0,0.0,,,,,,,,,,,,,,,,,,,,,
Offshore,Egmond aan Zee,V90-3MW,NEZ008,Gearbox,,,EF901D-003L/LM0319,RW EF901E-403/LM0046,Serial Defect,,2008-11-21,,2009-04-20,,0.0,0.0,,0.0,0.0,0.0,,,,,,,,,,,,,,,,,,,,,
Offshore,Egmond aan Zee,V90-3MW,NEZ032,Gearbox,,,EF901D-013L/LM0112,RW EF901E-403L/LM0025,Serial Defect,,2009-04-19,,2009-04-21,,0.0,0.0,,0.0,0.0,0.0,,,,,,,,,,,,,,,,,,,,,
Offshore,Egmond aan Zee,V90-3MW,NEZ004,Generator,,,601097TC27,601097TC25,Serial Defect,,,,2009-04-22,,0.0,0.0,,0.0,0.0,0.0,,,,,,,,,,,,,,,,,,,,,
Offshore,Egmond aan Zee,V90-3MW,NEZ031,Gearbox,,,EF901D-003L/LM0025,EF901E-013L/LM0184,Serial Defect,,2008-02-18,,2009-04-24,,0.0,0.0,,0.0,0.0,0.0,,,,,,,,,,,,,,,,,,,,,
Offshore,Egmond aan Zee,V90-3MW,NEZ031,Generator,,,601097TD05,601258TL27,Serial Defect,,,,2009-04-24,,0.0,0.0,,0.0,0.0,0.0,,,,,,,,,,,,,,,,,,,,,
Offshore,Egmond aan Zee,V90-3MW,NEZ015,Gearbox,,,EF901D-003L/LM0273,RW EF901E-403L/LM0051,Serial Defect,,2009-04-23,,2009-04-25,,0.0,0.0,,0.0,0.0,0.0,,,,,,,,,,,,,,,,,,,,,
Offshore,Kentish Flats,V90-3MW,UKFE04,Gearbox,,,EF901D-013L/LM0047,RW-EF901E-403L/LM0023,Serial Defect,,,,2009-05-03,,0.0,0.0,,0.0,0.0,0.0,,,,,,,,,,,,,,,,,,,,,
Offshore,Egmond aan Zee,V90-3MW,NEZ017,Generator,,,601097TD04,601097TD05,Serial Defect,,,,2009-07-15,,0.0,0.0,,0.0,0.0,0.0,,,,,,,,,,,,,,,,,,,,,
Offshore,Egmond aan Zee,V90-3MW,NEZ016,Gearbox,,,EF901D-003L/LM0039,RW EF901E-403L/LM0052,Serial Defect,,2009-06-10,,2009-07-29,,0.0,0.0,,0.0,0.0,0.0,,,,,,,,,,,,,,,,,,,,,
Offshore,Egmond aan Zee,V90-3MW,NEZ020,Gearbox,,,EF901D-003L/LM0321,EF901E-013L/LM237,Serial Defect,,2009-07-13,,2009-08-01,,0.0,0.0,,0.0,0.0,0.0,,,,,,,,,,,,,,,,,,,,,
Offshore,Horns Rev 1,V80-2MW,WH1101,Gearbox,,"40074658, 40085066",,793000000047,,,,,2009-08-01,,0.0,0.0,,0.0,0.0,0.0,,,,,,,,,,,,,,,,,,,,,
Offshore,Horns Rev 1,V80-2MW,WH1105,Gearbox,,"40074658, 40085066",,793000000046,,,,,2009-08-01,,0.0,0.0,,0.0,0.0,0.0,,,,,,,,,,,,,,,,,,,,,
Offshore,Horns Rev 1,V80-2MW,WH1111,Gearbox,,"40074658, 40085066",,72802012789,,,,,2009-08-01,,0.0,0.0,,0.0,0.0,0.0,,,,,,,,,,,,,,,,,,,,,
Offshore,Horns Rev 1,V80-2MW,WH1221,Gearbox,,"40074658, 40085066",,72802011838,,,,,2009-08-01,,0.0,0.0,,0.0,0.0,0.0,,,,,,,,,,,,,,,,,,,,,
Offshore,Horns Rev 1,V80-2MW,WH1222,Gearbox,,"40074658, 40085066",,72802011837,,,,,2009-08-01,,0.0,0.0,,0.0,0.0,0.0,,,,,,,,,,,,,,,,,,,,,
Offshore,Horns Rev 1,V80-2MW,WH1227,Gearbox,,"40074658, 40085066",,72802017782,,,,,2009-08-01,,0.0,0.0,,0.0,0.0,0.0,,,,,,,,,,,,,,,,,,,,,
Offshore,Horns Rev 1,V80-2MW,WH1231,Gearbox,,"40074658, 40085066",,793000000048,,,,,2009-08-01,,0.0,0.0,,0.0,0.0,0.0,,,,,,,,,,,,,,,,,,,,,
Offshore,Horns Rev 1,V80-2MW,WH1233,Gearbox,,"40074658, 40085066",,72802017780,,,,,2009-08-01,,0.0,0.0,,0.0,0.0,0.0,,,,,,,,,,,,,,,,,,,,,
Offshore,Horns Rev 1,V80-2MW,WH1238,Gearbox,,"40074658, 40085066",,72802018369,,,,,2009-08-01,,0.0,0.0,,0.0,0.0,0.0,,,,,,,,,,,,,,,,,,,,,
Offshore,Horns Rev 1,V80-2MW,WH1341,Gearbox,,"40074658, 40085066",,72802017781,,,,,2009-08-01,,0.0,0.0,,0.0,0.0,0.0,,,,,,,,,,,,,,,,,,,,,
Offshore,Horns Rev 1,V80-2MW,WH1342,Gearbox,,"40074658, 40085066",,72802013664,,,,,2009-08-01,,0.0,0.0,,0.0,0.0,0.0,,,,,,,,,,,,,,,,,,,,,
Offshore,Horns Rev 1,V80-2MW,WH1461,Gearbox,,"40074658, 40085066",,72802009674,,,,,2009-08-01,,0.0,0.0,,0.0,0.0,0.0,,,,,,,,,,,,,,,,,,,,,
Offshore,Horns Rev 1,V80-2MW,WH1468,Gearbox,,"40074658, 40085066",,72802016021,,,,,2009-08-01,,0.0,0.0,,0.0,0.0,0.0,,,,,,,,,,,,,,,,,,,,,
Offshore,Horns Rev 1,V80-2MW,WH1471,Gearbox,,"40074658, 40085066",,72802016023,,,,,2009-08-01,,0.0,0.0,,0.0,0.0,0.0,,,,,,,,,,,,,,,,,,,,,
Offshore,Horns Rev 1,V80-2MW,WH1478,Gearbox,,"40074658, 40085066",,72802012788,,,,,2009-08-01,,0.0,0.0,,0.0,0.0,0.0,,,,,,,,,,,,,,,,,,,,,
Offshore,Horns Rev 1,V80-2MW,WH1586,Gearbox,,"40074658, 40085066",,72802016022,,,,,2009-08-01,,0.0,0.0,,0.0,0.0,0.0,,,,,,,,,,,,,,,,,,,,,
Offshore,Egmond aan Zee,V90-3MW,NEZ019,Gearbox,,,EF901D-003L/LM0003,EF901E-013L/LM0229,Serial Defect,,2009-07-21,,2009-08-03,,0.0,0.0,,0.0,0.0,0.0,,,,,,,,,,,,,,,,,,,,,
Offshore,Egmond aan Zee,V90-3MW,NEZ007,Gearbox,,,EF901D/013/LM0110,EF901E-013L/LM0105,Serial Defect,,2009-07-21,,2009-08-07,,0.0,0.0,,0.0,0.0,0.0,,,,,,,,,,,,,,,,,,,,,
Offshore,Egmond aan Zee,V90-3MW,NEZ034,Gearbox,,,EF901D-003L/LM0037,EF901E-013L/LM0236,Serial Defect,,2009-07-26,,2009-08-08,,0.0,0.0,,0.0,0.0,0.0,,,,,,,,,,,,,,,,,,,,,
Offshore,Egmond aan Zee,V90-3MW,NEZ034,Generator,,,601097TD14,600564SF25,Serial Defect,,,,2009-08-08,,0.0,0.0,,0.0,0.0,0.0,,,,,,,,,,,,,,,,,,,,,
Offshore,Egmond aan Zee,V90-3MW,NEZ003,Generator,,,601097TD09,16918700PG05,Serial Defect,,,,2009-08-09,,0.0,0.0,,0.0,0.0,0.0,,,,,,,,,,,,,,,,,,,,,
Offshore,Egmond aan Zee,V90-3MW,NEZ006,Gearbox,,,EF901D/013/LM0111,RW EF901E-403L/LM0074,Serial Defect,,2009-08-01,,2009-08-14,,0.0,0.0,,0.0,0.0,0.0,,,,,,,,,,,,,,,,,,,,,
Offshore,Egmond aan Zee,V90-3MW,NEZ009,Gearbox,,,RW EF901D-003L/LM0015,RW EF901E-403L/LM0079,Serial Defect,,2009-08-06,,2009-08-17,,0.0,0.0,,0.0,0.0,0.0,,,,,,,,,,,,,,,,,,,,,
Offshore,Egmond aan Zee,V90-3MW,NEZ018,Gearbox,,,EF901D-003L/LM0035,RW EF901E-403L/LM0081,Serial Defect,,2009-08-11,,2009-08-18,,0.0,0.0,,0.0,0.0,0.0,,,,,,,,,,,,,,,,,,,,,
Offshore,Egmond aan Zee,V90-3MW,NEZ014,Gearbox,,,EF901D-003L/LM0013,RW EF901E-403L/LM0083,Serial Defect,,2009-08-18,,2009-08-23,,0.0,0.0,,0.0,0.0,0.0,,,,,,,,,,,,,,,,,,,,,
Offshore,Egmond aan Zee,V90-3MW,NEZ004,Gearbox,,,EF901D-003L/LM0021,RW EF901E-301L/LM0016,Serial Defect,,2009-08-19,,2009-08-24,,0.0,0.0,,0.0,0.0,0.0,,,,,,,,,,,,,,,,,,,,,
Offshore,Horns Rev 1,V80-2MW,WH1472,Transformer,,40074272,,,,,,,2009-09-01,,0.0,0.0,,0.0,0.0,0.0,,,,,,,,,,,,,,,,,,,,,
Offshore,Egmond aan Zee,V90-3MW,NEZ035,Gearbox,,,EF901D-003L/LM0038,RW EF901E-403L/LM0069,Serial Defect,,2009-08-23,,2009-09-08,,0.0,0.0,,0.0,0.0,0.0,,,,,,,,,,,,,,,,,,,,,
Offshore,Egmond aan Zee,V90-3MW,NEZ028,Gearbox,,,RW EF901D-003L/LM0012,RW EF901E-403L/LM0070,Serial Defect,,2009-08-25,,2009-09-18,,0.0,0.0,,0.0,0.0,0.0,,,,,,,,,,,,,,,,,,,,,
Offshore,Egmond aan Zee,V90-3MW,NEZ029,Gearbox,,,EF901D-003L/LM0326,RW EF901E-403L/LM0072,Serial Defect,,2009-09-08,,2009-09-19,,0.0,0.0,,0.0,0.0,0.0,,,,,,,,,,,,,,,,,,,,,
Offshore,Egmond aan Zee,V90-3MW,NEZ003,Generator,,,16918700PG05,VND620842,Serial Defect,,,,2009-09-19,,0.0,0.0,,0.0,0.0,0.0,,,,,,,,,,,,,,,,,,,,,
Offshore,Egmond aan Zee,V90-3MW,NEZ030,Gearbox,,,RW EF901D-003L/LM0013,RW EF901E-403L/LM0014,Serial Defect,,2009-09-17,,2009-09-26,,0.0,0.0,,0.0,0.0,0.0,,,,,,,,,,,,,,,,,,,,,
Offshore,Egmond aan Zee,V90-3MW,NEZ027,Gearbox,,,EF901D-013L/LM0160,RW EF901E-403L/LM0071,Serial Defect,,2009-09-18,,2009-09-27,,0.0,0.0,,0.0,0.0,0.0,,,,,,,,,,,,,,,,,,,,,
Offshore,Egmond aan Zee,V90-3MW,NEZ012,Gearbox,,,EF 901D-003L/LM0017,RW EF901E-403L/LM0088,Serial Defect,,2009-09-24,,2009-10-13,,0.0,0.0,,0.0,0.0,0.0,,,,,,,,,,,,,,,,,,,,,
Offshore,Egmond aan Zee,V90-3MW,NEZ010,Gearbox,,,RW EF901D-003L/LM0010,RW EF901E-403L/LM0089,Serial Defect,,2009-09-24,,2009-10-15,,0.0,0.0,,0.0,0.0,0.0,,,,,,,,,,,,,,,,,,,,,
Offshore,Egmond aan Zee,V90-3MW,NEZ036,Gearbox,,,EF901D-003L/LM0036,EF901E-403L/LM0095,Serial Defect,,2009-09-26,,2009-10-19,,0.0,0.0,,0.0,0.0,0.0,,,,,,,,,,,,,,,,,,,,,
Offshore,Egmond aan Zee,V90-3MW,NEZ022,Gearbox,,,EF901D-003L/LM0348,EF901E-403L/LM0102,Serial Defect,,2009-10-15,,2009-10-23,,0.0,0.0,,0.0,0.0,0.0,,,,,,,,,,,,,,,,,,,,,
Offshore,Egmond aan Zee,V90-3MW,NEZ018,Generator,,,600564SF33,VND624006,Serial Defect,,,,2009-10-28,,0.0,0.0,,0.0,0.0,0.0,,,,,,,,,,,,,,,,,,,,,
Offshore,Egmond aan Zee,V90-3MW,NEZ023,Gearbox,,,EF901D-003L/LM0018,RW EF901E-403L/LM0103,Serial Defect,,2009-10-27,,2009-10-29,,0.0,0.0,,0.0,0.0,0.0,,,,,,,,,,,,,,,,,,,,,
Offshore,Egmond aan Zee,V90-3MW,NEZ002,Gearbox,,,EF901D-003L/LM0009,RW EF901E-403L/LM0105,Serial Defect,,2009-10-22,,2009-10-31,,0.0,0.0,,0.0,0.0,0.0,,,,,,,,,,,,,,,,,,,,,
Offshore,Lillgrund,"SWT 2,3MW",SLGD08,Main bearing,,,,,,,,,2009-11-01,,0.0,0.0,,0.0,0.0,0.0,,,,,,,,,,,,,,,,,,,,,
Offshore,Egmond aan Zee,V90-3MW,NEZ035,Generator,,,601097TD10,VND613433,Serial Defect,,,,2009-11-07,,0.0,0.0,,0.0,0.0,0.0,,,,,,,,,,,,,,,,,,,,,
Offshore,Egmond aan Zee,V90-3MW,NEZ028,Generator,,,600970 TB 12,VND620837,Serial Defect,,,,2009-11-08,,0.0,0.0,,0.0,0.0,0.0,,,,,,,,,,,,,,,,,,,,,
Offshore,Egmond aan Zee,V90-3MW,NEZ024,Gearbox,,,EF901D-013L/LM0180,RW EF901E-403L/LM0110,Serial Defect,,2009-10-28,,2009-11-09,,0.0,0.0,,0.0,0.0,0.0,,,,,,,,,,,,,,,,,,,,,
Offshore,Kentish Flats,V90-3MW,UKFC15,Generator,,,16944100 RB05,VND612421,Serial Defect,,,,2009-12-01,,0.0,0.0,,0.0,0.0,0.0,,,,,,,,,,,,,,,,,,,,,
Offshore,Horns Rev 1,V80-2MW,WH1356,Gearbox,,"40074658, 40085066",,72802019839,,,,,2009-12-01,,0.0,0.0,,0.0,0.0,0.0,,,,,,,,,,,,,,,,,,,,,
Offshore,Kentish Flats,V90-3MW,UKFE08,Generator,,,16933300 QJ05,VND614211,Serial Defect,,,,2009-12-02,,0.0,0.0,,0.0,0.0,0.0,,,,,,,,,,,,,,,,,,,,,
Offshore,Kentish Flats,V90-3MW,UKFD06,Generator,,,600564 SE16,VND624823,Serial Defect,,,,2009-12-04,,0.0,0.0,,0.0,0.0,0.0,,,,,,,,,,,,,,,,,,,,,
Offshore,Kentish Flats,V90-3MW,UKFC01,Gearbox,,,EF901D-003L/LM0204,RW-EF901E-301L/LM0026,Serial Defect,,,,2009-12-05,,0.0,0.0,,0.0,0.0,0.0,,,,,,,,,,,,,,,,,,,,,
Offshore,Kentish Flats,V90-3MW,UKFD09,Generator,,,600564 SE07,VND612033,Serial Defect,,,,2009-12-05,,0.0,0.0,,0.0,0.0,0.0,,,,,,,,,,,,,,,,,,,,,
Offshore,Egmond aan Zee,V90-3MW,NEZ018,Generator,,,VND624006,VND624882,Serial Defect,,,,2009-12-09,,0.0,0.0,,0.0,0.0,0.0,,,,,,,,,,,,,,,,,,,,,
Offshore,Egmond aan Zee,V90-3MW,NEZ008,Generator,,,601097 TC 23,601921 UJ 01,Serial Defect,,,,2009-12-11,,0.0,0.0,,0.0,0.0,0.0,,,,,,,,,,,,,,,,,,,,,
Offshore,Kentish Flats,V90-3MW,UKFB03,Gearbox,,,EF901D-003L/LM0192,RW-EF901E-301L/LM0024,Serial Defect,,,,2009-12-14,,0.0,0.0,,0.0,0.0,0.0,,,,,,,,,,,,,,,,,,,,,
Offshore,Kentish Flats,V90-3MW,UKFA03,Gearbox,,,EF901E-003L/LM0088,EF901E-013L/LM0078,Serial Defect,,,,2010-01-25,,0.0,0.0,,0.0,0.0,0.0,,,,,,,,,,,,,,,,,,,,,
Onshore,Nordjyllandsværket,Bonus-2MW,WHO006,Blade,,,,,,2002-01-01 00:00:00,,,2010-03-03,,0.0,0.0,,0.0,0.0,0.0,,,,,,,,,,,,,,,,,,,,,
Onshore,Hoofdplaat Polder,V80-2MW,NHP005,Generator,,,,2MW WEIER Gen. SO 50507978 YREL 80H,,2005-03-26 00:00:00,2010-03-19,,2010-03-23,,0.0,0.0,,0.0,0.0,0.0,,,,,,,,,,,,,,,,,,,,,
Offshore,Horns Rev 1,V80-2MW,WH1114,Gearbox,,"40074658, 40085066",,793000000456,,,,,2010-04-01,,0.0,0.0,,0.0,0.0,0.0,,,,,,,,,,,,,,,,,,,,,
Offshore,Horns Rev 1,V80-2MW,WH1115,Gearbox,,"40074658, 40085066",,793000000049,,,,,2010-04-01,,0.0,0.0,,0.0,0.0,0.0,,,,,,,,,,,,,,,,,,,,,
Offshore,Horns Rev 1,V80-2MW,WH1225,Gearbox,,"40074658, 40085066",,793000000395,,,,,2010-04-01,,0.0,0.0,,0.0,0.0,0.0,,,,,,,,,,,,,,,,,,,,,
Offshore,Horns Rev 1,V80-2MW,WH1236,Gearbox,,"40074658, 40085066",,793000000397,,,,,2010-04-01,,0.0,0.0,,0.0,0.0,0.0,,,,,,,,,,,,,,,,,,,,,
Offshore,Horns Rev 1,V80-2MW,WH1344,Gearbox,,"40074658, 40085066",,72802019840,,,,,2010-04-01,,0.0,0.0,,0.0,0.0,0.0,,,,,,,,,,,,,,,,,,,,,
Offshore,Horns Rev 1,V80-2MW,WH1353,Gearbox,,"40074658, 40085066",,72802021385,,,,,2010-04-01,,0.0,0.0,,0.0,0.0,0.0,,,,,,,,,,,,,,,,,,,,,
Offshore,Horns Rev 1,V80-2MW,WH1463,Gearbox,,"40074658, 40085066",,793000000404,,,,,2010-04-01,,0.0,0.0,,0.0,0.0,0.0,,,,,,,,,,,,,,,,,,,,,
Offshore,Horns Rev 1,V80-2MW,WH1465,Gearbox,,"40074658, 40085066",,793000000455,,,,,2010-04-01,,0.0,0.0,,0.0,0.0,0.0,,,,,,,,,,,,,,,,,,,,,
Offshore,Horns Rev 1,V80-2MW,WH1475,Gearbox,,"40074658, 40085066",,793000000389,,,,,2010-04-01,,0.0,0.0,,0.0,0.0,0.0,,,,,,,,,,,,,,,,,,,,,
Offshore,Horns Rev 1,V80-2MW,WH1477,Gearbox,,"40074658, 40085066",,793000000419,,,,,2010-04-01,,0.0,0.0,,0.0,0.0,0.0,,,,,,,,,,,,,,,,,,,,,
Offshore,Horns Rev 1,V80-2MW,WH1585,Gearbox,,"40074658, 40085066",,72802013665,,,,,2010-04-01,,0.0,0.0,,0.0,0.0,0.0,,,,,,,,,,,,,,,,,,,,,
Offshore,Horns Rev 1,V80-2MW,WH1592,Gearbox,,"40074658, 40085066",,793000000396,,,,,2010-04-01,,0.0,0.0,,0.0,0.0,0.0,,,,,,,,,,,,,,,,,,,,,
Offshore,Horns Rev 1,V80-2MW,WH1593,Gearbox,,"40074658, 40085066",,793000000398,,,,,2010-04-01,,0.0,0.0,,0.0,0.0,0.0,,,,,,,,,,,,,,,,,,,,,
Offshore,Horns Rev 1,V80-2MW,WH1598,Gearbox,,"40074658, 40085066",,793000000405,,,,,2010-04-01,,0.0,0.0,,0.0,0.0,0.0,,,,,,,,,,,,,,,,,,,,,
Onshore,Hoofdplaat Polder,V80-2MW,NHP003,Gearbox,,,,PLH-1400V80,,2005-05-04 00:00:00,2010-03-29,,2010-05-04,,0.0,0.0,,0.0,0.0,0.0,,,,,,,,,,,,,,,,,,,,,
Offshore,Kentish Flats,V90-3MW,UKFB05,Generator,,,600564 SG39,VND625215,Serial Defect,,,,2010-05-13,,0.0,0.0,,0.0,0.0,0.0,,,,,,,,,,,,,,,,,,,,,
Offshore,Kentish Flats,V90-3MW,UKFE03,Gearbox,,,EF901D-013L/LM0032,RW-EF901E-403L/LM0191,Serial Defect,,,,2010-05-13,,0.0,0.0,,0.0,0.0,0.0,,,,,,,,,,,,,,,,,,,,,
Offshore,Kentish Flats,V90-3MW,UKFB05,Gearbox,,,RW-EF901C-001L/M0089,RW-EF901E-301L/LM0024,Serial Defect,,,,2010-05-14,,0.0,0.0,,0.0,0.0,0.0,,,,,,,,,,,,,,,,,,,,,
Offshore,Kentish Flats,V90-3MW,UKFD08,Generator,,,600564 SF30,VND625230,Serial Defect,,,,2010-05-14,,0.0,0.0,,0.0,0.0,0.0,,,,,,,,,,,,,,,,,,,,,
Offshore,Kentish Flats,V90-3MW,UKFA05,Gearbox,,,RW-EF901C-001L/M0084,RW-EF901E-403L/LM0194,Serial Defect,,,,2010-05-15,,0.0,0.0,,0.0,0.0,0.0,,,,,,,,,,,,,,,,,,,,,
Offshore,Kentish Flats,V90-3MW,UKFC04,Gearbox,,,RW-EF901C-001L/M0118,RW-EF901E-403L/LM0195,Serial Defect,,,,2010-05-15,,0.0,0.0,,0.0,0.0,0.0,,,,,,,,,,,,,,,,,,,,,
Offshore,Kentish Flats,V90-3MW,UKFC08,Generator,,,600564 SF31,VND625216,Serial Defect,,,,2010-05-15,,0.0,0.0,,0.0,0.0,0.0,,,,,,,,,,,,,,,,,,,,,
Offshore,Kentish Flats,V90-3MW,UKFE07,Generator,,,600564 SF20,VND625204,Serial Defect,,,,2010-05-15,,0.0,0.0,,0.0,0.0,0.0,,,,,,,,,,,,,,,,,,,,,
Offshore,Kentish Flats,V90-3MW,UKFD04,Gearbox,,,RW-EF901C-001L/M0083,RW-EF901E-403L/LM0192,Serial Defect,,,,2010-05-16,,0.0,0.0,,0.0,0.0,0.0,,,,,,,,,,,,,,,,,,,,,
Offshore,Kentish Flats,V90-3MW,UKFF07,Generator,,,600882 TA25,VND625211,Serial Defect,,,,2010-05-16,,0.0,0.0,,0.0,0.0,0.0,,,,,,,,,,,,,,,,,,,,,
Offshore,Kentish Flats,V90-3MW,UKFD05,Gearbox,,,RW-EF901C-001L/M0085,RW-EF901E-403L/LM0175,Serial Defect,,,,2010-05-18,,0.0,0.0,,0.0,0.0,0.0,,,,,,,,,,,,,,,,,,,,,
Offshore,Kentish Flats,V90-3MW,UKFF08,Generator,,,601258 UA03,VND625228,Serial Defect,,,,2010-05-18,,0.0,0.0,,0.0,0.0,0.0,,,,,,,,,,,,,,,,,,,,,
Offshore,Kentish Flats,V90-3MW,UKFC13,Generator,,,600882 TA12,VND625212,Serial Defect,,,,2010-05-21,,0.0,0.0,,0.0,0.0,0.0,,,,,,,,,,,,,,,,,,,,,
Offshore,Kentish Flats,V90-3MW,UKFF03,Gearbox,,,EF901D-023L/LM0006,RW-EF901E-403L/LM0189,Serial Defect,,,,2010-05-21,,0.0,0.0,,0.0,0.0,0.0,,,,,,,,,,,,,,,,,,,,,
Offshore,Kentish Flats,V90-3MW,UKFC12,Generator,,,16944100 RA03,VND624958,Serial Defect,,,,2010-05-22,,0.0,0.0,,0.0,0.0,0.0,,,,,,,,,,,,,,,,,,,,,
Offshore,Kentish Flats,V90-3MW,UKFF02,Gearbox,,,RW-EF901C-001L/M0119,RW-EF901E-403L/LM0162,Serial Defect,,,,2010-05-22,,0.0,0.0,,0.0,0.0,0.0,,,,,,,,,,,,,,,,,,,,,
Offshore,Kentish Flats,V90-3MW,UKFC11,Generator,,,600671 SJ11,VND625201,Serial Defect,,,,2010-05-23,,0.0,0.0,,0.0,0.0,0.0,,,,,,,,,,,,,,,,,,,,,
Offshore,Kentish Flats,V90-3MW,UKFF01,Gearbox,,,RW-EF901C-001L/M0096,RW-EF901E-403L/LM0184,Serial Defect,,,,2010-05-23,,0.0,0.0,,0.0,0.0,0.0,,,,,,,,,,,,,,,,,,,,,
Offshore,Kentish Flats,V90-3MW,UKFF09,Generator,,,600588 SE04,VND625217,Serial Defect,,,,2010-05-24,,0.0,0.0,,0.0,0.0,0.0,,,,,,,,,,,,,,,,,,,,,
Offshore,Kentish Flats,V90-3MW,UKFE01,Gearbox,,,RW-EF901C-001L/M0083?,RW-EF901E-403L/LM0197,Serial Defect,,,,2010-05-25,,0.0,0.0,,0.0,0.0,0.0,,,,,,,,,,,,,,,,,,,,,
Offshore,Kentish Flats,V90-3MW,UKFC02,Gearbox,,,RW-EF901C-001L/M0098,RW-EF901E-403L/LM0198,Serial Defect,,,,2010-05-27,,0.0,0.0,,0.0,0.0,0.0,,,,,,,,,,,,,,,,,,,,,
Offshore,Kentish Flats,V90-3MW,UKFD10,Generator,,,600588 SE03,VND625213,Serial Defect,,,,2010-05-27,,0.0,0.0,,0.0,0.0,0.0,,,,,,,,,,,,,,,,,,,,,
Offshore,Kentish Flats,V90-3MW,UKFB02,Gearbox,,,RW-EF901C-001L/M0094,RW-EF901E-403L/LM0182,Serial Defect,,,,2010-05-28,,0.0,0.0,,0.0,0.0,0.0,,,,,,,,,,,,,,,,,,,,,
Offshore,Kentish Flats,V90-3MW,UKFC10,Generator,,,600564 SD02,VND625241,Serial Defect,,,,2010-05-28,,0.0,0.0,,0.0,0.0,0.0,,,,,,,,,,,,,,,,,,,,,
Offshore,Kentish Flats,V90-3MW,UKFB01,Gearbox,,,RW-EF901C-001L/M0091,RW-EF901E-403L/LM0190,Serial Defect,,,,2010-05-31,,0.0,0.0,,0.0,0.0,0.0,,,,,,,,,,,,,,,,,,,,,
Offshore,Kentish Flats,V90-3MW,UKFC09,Generator,,,601258 TL24,VND625218,Serial Defect,,,,2010-05-31,,0.0,0.0,,0.0,0.0,0.0,,,,,,,,,,,,,,,,,,,,,
Offshore,Kentish Flats,V90-3MW,UKFB06,Generator,,,600564 SG35,VND625255,Serial Defect,,,,2010-06-01,,0.0,0.0,,0.0,0.0,0.0,,,,,,,,,,,,,,,,,,,,,
Offshore,Kentish Flats,V90-3MW,UKFB07,Generator,,,600564 SD06,VND625225,Serial Defect,,,,2010-06-01,,0.0,0.0,,0.0,0.0,0.0,,,,,,,,,,,,,,,,,,,,,
Offshore,Kentish Flats,V90-3MW,UKFC06,Generator,,,601097 TC29,VND625246,Serial Defect,,,,2010-06-02,,0.0,0.0,,0.0,0.0,0.0,,,,,,,,,,,,,,,,,,,,,
Offshore,Kentish Flats,V90-3MW,UKFC07,Generator,,,600564 SE14,VND625251,Serial Defect,,,,2010-06-04,,0.0,0.0,,0.0,0.0,0.0,,,,,,,,,,,,,,,,,,,,,
Offshore,Kentish Flats,V90-3MW,UKFD07,Generator,,,600588 SF06,VND625249,Serial Defect,,,,2010-06-04,,0.0,0.0,,0.0,0.0,0.0,,,,,,,,,,,,,,,,,,,,,
Offshore,Kentish Flats,V90-3MW,UKFE06,Generator,,,600564 SG44,VND625248,Serial Defect,,,,2010-06-04,,0.0,0.0,,0.0,0.0,0.0,,,,,,,,,,,,,,,,,,,,,
Offshore,Kentish Flats,V90-3MW,UKFE10,Generator,,,16944100 RB06,VND655200,Serial Defect,,,,2010-06-06,,0.0,0.0,,0.0,0.0,0.0,,,,,,,,,,,,,,,,,,,,,
Offshore,Kentish Flats,V90-3MW,UKFF06,Generator,,,600564 SF32,VND625256,Serial Defect,,,,2010-06-06,,0.0,0.0,,0.0,0.0,0.0,,,,,,,,,,,,,,,,,,,,,
Offshore,Kentish Flats,V90-3MW,UKFE09,Generator,,,600564 SE16,VND624984,Serial Defect,,,,2010-06-07,,0.0,0.0,,0.0,0.0,0.0,,,,,,,,,,,,,,,,,,,,,
Offshore,Kentish Flats,V90-3MW,UKFB08,Generator,,,600671 SH02,VND625202,Serial Defect,,,,2010-06-08,,0.0,0.0,,0.0,0.0,0.0,,,,,,,,,,,,,,,,,,,,,
Offshore,Kentish Flats,V90-3MW,UKFF10,Generator,,,16937300 QM05,VND625227,Serial Defect,,,,2010-06-08,,0.0,0.0,,0.0,0.0,0.0,,,,,,,,,,,,,,,,,,,,,
Offshore,Kentish Flats,V90-3MW,UKFB09,Generator,,,600564 SG43,VND625224,Serial Defect,,,,2010-06-09,,0.0,0.0,,0.0,0.0,0.0,,,,,,,,,,,,,,,,,,,,,
Offshore,Kentish Flats,V90-3MW,UKFC14,Generator,,,600564 SE15,VND625229,Serial Defect,,,,2010-06-11,,0.0,0.0,,0.0,0.0,0.0,,,,,,,,,,,,,,,,,,,,,
Offshore,Horns Rev 1,V80-2MW,WH1103,Gearbox,,"40074658, 40085066",,793000000413,,,,,2010-10-01,,0.0,0.0,,0.0,0.0,0.0,,,,,,,,,,,,,,,,,,,,,
Offshore,Horns Rev 1,V80-2MW,WH1104,Gearbox,,"40074658, 40085066",,793000000509,,,,,2010-10-01,,0.0,0.0,,0.0,0.0,0.0,,,,,,,,,,,,,,,,,,,,,
Offshore,Horns Rev 1,V80-2MW,WH1118,Gearbox,,"40074658, 40085066",,793000000448,,,,,2010-10-01,,0.0,0.0,,0.0,0.0,0.0,,,,,,,,,,,,,,,,,,,,,
Offshore,Horns Rev 1,V80-2MW,WH1348,Gearbox,,"40074658, 40085066",,793000000412,,,,,2010-10-01,,0.0,0.0,,0.0,0.0,0.0,,,,,,,,,,,,,,,,,,,,,
Offshore,Horns Rev 1,V80-2MW,WH1354,Gearbox,,"40074658, 40085066",,793000000551,,,,,2010-10-01,,0.0,0.0,,0.0,0.0,0.0,,,,,,,,,,,,,,,,,,,,,
Offshore,Horns Rev 1,V80-2MW,WH1355,Gearbox,,"40074658, 40085066",,793000000570,,,,,2010-10-01,,0.0,0.0,,0.0,0.0,0.0,,,,,,,,,,,,,,,,,,,,,
Offshore,Horns Rev 1,V80-2MW,WH1473,Gearbox,,"40074658, 40085066",,793000000390,,,,,2010-10-01,,0.0,0.0,,0.0,0.0,0.0,,,,,,,,,,,,,,,,,,,,,
Offshore,Horns Rev 1,V80-2MW,WH1476,Gearbox,,"40074658, 40085066",,793000000511,,,,,2010-10-01,,0.0,0.0,,0.0,0.0,0.0,,,,,,,,,,,,,,,,,,,,,
Offshore,Horns Rev 1,V80-2MW,WH1584,Gearbox,,"40074658, 40085066",,793000000508,,,,,2010-10-01,,0.0,0.0,,0.0,0.0,0.0,,,,,,,,,,,,,,,,,,,,,
Offshore,Horns Rev 1,V80-2MW,WH1587,Gearbox,,"40074658, 40085066",,793000000434,,,,,2010-10-01,,0.0,0.0,,0.0,0.0,0.0,,,,,,,,,,,,,,,,,,,,,
Offshore,Horns Rev 1,V80-2MW,WH1591,Gearbox,,"40074658, 40085066",,793000000422,,,,,2010-10-01,,0.0,0.0,,0.0,0.0,0.0,,,,,,,,,,,,,,,,,,,,,
Offshore,Thanet,V90-3MW,UTHB12,Generator,,"40080788, 40100685, 40080788",624820,625241,,,,,2010-12-06,,0.0,0.0,,0.0,0.0,0.0,,,,,,,,,,,,,,,,,,,,,
Offshore,Horns Rev 1,V80-2MW,WH1106,Gearbox,,"40074658, 40085066",,793000000517,,,,,2011-01-01,,0.0,0.0,,0.0,0.0,0.0,,,,,,,,,,,,,,,,,,,,,
Offshore,Thanet,V90-3MW,UTHE17,Generator,,,EF901E-013L/LM0289,RW_EF901E-013L/LM0035,,2010-08-04 00:00:00,,,2011-01-26,,0.0,0.0,,0.0,0.0,0.0,,,,,,,,,,,,,,,,,,,,,
Offshore,Horns Rev 1,V80-2MW,WH1234,Gearbox,,"40074658, 40085066",,793000000502,,,,,2011-03-01,,0.0,0.0,,0.0,0.0,0.0,,,,,,,,,,,,,,,,,,,,,
Offshore,Horns Rev 1,V80-2MW,WH1357,Gearbox,,"40074658, 40085066",,793000000406,,,,,2011-03-01,,0.0,0.0,,0.0,0.0,0.0,,,,,,,,,,,,,,,,,,,,,
Offshore,Lillgrund,"SWT 2,3MW",SLGA05,Main bearing,,,,,,,,,2011-05-01,,0.0,0.0,,0.0,0.0,0.0,,,,,,,,,,,,,,,,,,,,,
Offshore,Horns Rev 1,V80-2MW,WH1113,Gearbox,,"40074658, 40085066",,793000000947,,,,,2011-05-01,,0.0,0.0,,0.0,0.0,0.0,,,,,,,,,,,,,,,,,,,,,
Offshore,Horns Rev 1,V80-2MW,WH1224,Gearbox,,"40074658, 40085066",,793000000946,,,,,2011-05-01,,0.0,0.0,,0.0,0.0,0.0,,,,,,,,,,,,,,,,,,,,,
Offshore,Horns Rev 1,V80-2MW,WH1226,Gearbox,,"40074658, 40085066",,793000000966,,,,,2011-05-01,,0.0,0.0,,0.0,0.0,0.0,,,,,,,,,,,,,,,,,,,,,
Offshore,Horns Rev 1,V80-2MW,WH1228,Gearbox,,"40074658, 40085066",,793000000945,,,,,2011-05-01,,0.0,0.0,,0.0,0.0,0.0,,,,,,,,,,,,,,,,,,,,,
Offshore,Horns Rev 1,V80-2MW,WH1345,Gearbox,,"40074658, 40085066",,793000000964,,,,,2011-05-01,,0.0,0.0,,0.0,0.0,0.0,,,,,,,,,,,,,,,,,,,,,
Offshore,Horns Rev 1,V80-2MW,WH1352,Gearbox,,"40074658, 40085066",,793000000948,,,,,2011-05-01,,0.0,0.0,,0.0,0.0,0.0,,,,,,,,,,,,,,,,,,,,,
Offshore,Horns Rev 1,V80-2MW,WH1464,Gearbox,,"40074658, 40085066",,793000000977,,,,,2011-05-01,,0.0,0.0,,0.0,0.0,0.0,,,,,,,,,,,,,,,,,,,,,
Offshore,Horns Rev 1,V80-2MW,WH1596,Gearbox,,"40074658, 40085066",,793000000939,,,,,2011-05-01,,0.0,0.0,,0.0,0.0,0.0,,,,,,,,,,,,,,,,,,,,,
Offshore,Thanet,V90-3MW,UTHB11,Generator,,,624077,626442,,,,,2011-08-15,,0.0,0.0,,0.0,0.0,0.0,,,,,,,,,,,,,,,,,,,,,
Offshore,Thanet,V90-3MW,UTHB09,Gearbox,,,EF901E-013L/LM0496,RW-EF901E-013L/LM0046,Serial Defect,2010-07-19 00:00:00,,,2011-08-20,,0.0,0.0,,0.0,0.0,0.0,,,,,,,,,,,,,,,,,,,,,
Offshore,Thanet,V90-3MW,UTHB10,Generator,,,624078,612411R,,,,,2011-09-27,,0.0,0.0,,0.0,0.0,0.0,,,,,,,,,,,,,,,,,,,,,
Offshore,Lillgrund,"SWT 2,3MW",SLGA02,Main bearing,,,,,,,,,2011-10-01,,0.0,0.0,,0.0,0.0,0.0,,,,,,,,,,,,,,,,,,,,,
Offshore,Horns Rev 1,V80-2MW,WH1108,Gearbox,,"40074658, 40085066",,793000000941,,,,,2011-11-01,,0.0,0.0,,0.0,0.0,0.0,,,,,,,,,,,,,,,,,,,,,
Offshore,Horns Rev 1,V80-2MW,WH1115,Gearbox,,"40074658, 40085066",,793000000943,,,,,2011-11-01,,0.0,0.0,,0.0,0.0,0.0,,,,,,,,,,,,,,,,,,,,,
Offshore,Horns Rev 1,V80-2MW,WH1116,Gearbox,,"40074658, 40085066",,793000000942,,,,,2011-11-01,,0.0,0.0,,0.0,0.0,0.0,,,,,,,,,,,,,,,,,,,,,
Offshore,Horns Rev 1,V80-2MW,WH1235,Gearbox,,"40074658, 40085066",,793000000944,,,,,2011-11-01,,0.0,0.0,,0.0,0.0,0.0,,,,,,,,,,,,,,,,,,,,,
Offshore,Horns Rev 1,V80-2MW,WH1355,Gearbox,,"40074658, 40085066",,793000000403,,,,,2011-11-01,,0.0,0.0,,0.0,0.0,0.0,,,,,,,,,,,,,,,,,,,,,
Offshore,Horns Rev 1,V80-2MW,WH1594,Gearbox,,"40074658, 40085066",,793000000516,,,,,2011-11-01,,0.0,0.0,,0.0,0.0,0.0,,,,,,,,,,,,,,,,,,,,,
Offshore,Horns Rev 1,V80-2MW,WH1595,Gearbox,,"40074658, 40085066",,793000000506,,,,,2011-11-01,,0.0,0.0,,0.0,0.0,0.0,,,,,,,,,,,,,,,,,,,,,
Offshore,Horns Rev 1,V80-2MW,WH1102,Gearbox,,"40074658, 40085066",,79300001038,,,,,2012-02-01,,0.0,0.0,,0.0,0.0,0.0,,,,,,,,,,,,,,,,,,,,,
Offshore,Horns Rev 1,V80-2MW,WH1107,Gearbox,,"40074658, 40085066",,79300001040,,,,,2012-02-01,,0.0,0.0,,0.0,0.0,0.0,,,,,,,,,,,,,,,,,,,,,
Offshore,Horns Rev 1,V80-2MW,WH1223,Gearbox,,"40074658, 40085066",,79300001036,,,,,2012-02-01,,0.0,0.0,,0.0,0.0,0.0,,,,,,,,,,,,,,,,,,,,,
Offshore,Horns Rev 1,V80-2MW,WH1347,Gearbox,,"40074658, 40085066",,79300001024,,,,,2012-02-01,,0.0,0.0,,0.0,0.0,0.0,,,,,,,,,,,,,,,,,,,,,
Offshore,Horns Rev 1,V80-2MW,WH1581,Gearbox,,"40074658, 40085066",,79300001027,,,,,2012-02-01,,0.0,0.0,,0.0,0.0,0.0,,,,,,,,,,,,,,,,,,,,,
Offshore,Horns Rev 1,V80-2MW,WH1597,Gearbox,,"40074658, 40085066",,79300001022,,,,,2012-02-01,,0.0,0.0,,0.0,0.0,0.0,,,,,,,,,,,,,,,,,,,,,
Onshore,Lyngsmose,"SWT-2,3MW",WLY001,Main bearing,,,,,,2008-01-01 00:00:00,,,2012-03-03,,0.0,0.0,,0.0,0.0,0.0,,,,,,,,,,,,,,,,,,,,,
Onshore,Lyngsmose,"SWT-2,3MW",WLY002,Main bearing,,,,,,2008-01-01 00:00:00,,,2012-03-03,,0.0,0.0,,0.0,0.0,0.0,,,,,,,,,,,,,,,,,,,,,
Offshore,Horns Rev 1,V80-2MW,WH1112,Gearbox,,"40074658, 40085066",,79300001465,,,,,2012-05-01,,0.0,0.0,,0.0,0.0,0.0,,,,,,,,,,,,,,,,,,,,,
Offshore,Horns Rev 1,V80-2MW,WH1117,Gearbox,,"40074658, 40085066",,79300000967,,,,,2012-05-01,,0.0,0.0,,0.0,0.0,0.0,,,,,,,,,,,,,,,,,,,,,
Offshore,Horns Rev 1,V80-2MW,WH1342,Gearbox,,"40074658, 40085066",,79300001464,,,,,2012-05-01,,0.0,0.0,,0.0,0.0,0.0,,,,,,,,,,,,,,,,,,,,,
Offshore,Horns Rev 1,V80-2MW,WH1358,Gearbox,,"40074658, 40085066",,79300001039,,,,,2012-05-01,,0.0,0.0,,0.0,0.0,0.0,,,,,,,,,,,,,,,,,,,,,
Offshore,Horns Rev 1,V80-2MW,WH1467,Gearbox,,"40074658, 40085066",,79300001467,,,,,2012-05-01,,0.0,0.0,,0.0,0.0,0.0,,,,,,,,,,,,,,,,,,,,,
Offshore,Horns Rev 1,V80-2MW,WH1474,Gearbox,,"40074658, 40085066",,79300001037,,,,,2012-05-01,,0.0,0.0,,0.0,0.0,0.0,,,,,,,,,,,,,,,,,,,,,
Offshore,Lillgrund,"SWT 2,3MW",SLGH04,Main bearing,,,,,,,,,2012-06-01,,0.0,0.0,,0.0,0.0,0.0,,,,,,,,,,,,,,,,,,,,,
Offshore,Horns Rev 1,V80-2MW,WH1237,Gearbox,,"40074658, 40085066",,793000000940,,,,,2012-06-01,,0.0,0.0,,0.0,0.0,0.0,,,,,,,,,,,,,,,,,,,,,
Offshore,Horns Rev 1,V80-2MW,WH1588,Gearbox,,"40074658, 40085066",,793000000965,,,,,2012-06-01,,0.0,0.0,,0.0,0.0,0.0,,,,,,,,,,,,,,,,,,,,,
Offshore,Thanet,V90-3MW,UTHG03,Generator,,,EF901E-013L/LM0668,RW-EF901E-403L/LM0306,,2010-08-07 00:00:00,,,2012-06-25,,0.0,0.0,,0.0,0.0,0.0,,,,,,,,,,,,,,,,,,,,,
Offshore,Thanet,V90-3MW,UTHC04,Gearbox,,,EF901E-013L/LM0458,RW-EF901E-403L/LM0318,Serial Defect,2010-07-30 00:00:00,,,2012-07-03,,0.0,0.0,,0.0,0.0,0.0,,,,,,,,,,,,,,,,,,,,,
Offshore,Thanet,V90-3MW,UTHC06,Gearbox,,,EF901E-013L/LM0477,RW-EF901E-513L/LM0024,Serial Defect,2010-07-21 00:00:00,,,2012-07-06,,0.0,0.0,,0.0,0.0,0.0,,,,,,,,,,,,,,,,,,,,,
Offshore,Thanet,V90-3MW,UTHF10,Gearbox,,,EF901E-013L/LM0488,RW-EF901E-513L/LM0028,Serial Defect,2010-08-20 00:00:00,,,2012-07-07,,0.0,0.0,,0.0,0.0,0.0,,,,,,,,,,,,,,,,,,,,,
Offshore,Thanet,V90-3MW,UTHF06,Gearbox,,,EF901E-013L/LM0608,RW-EF901E-503L/LM0050 ,Serial Defect,2010-08-19 00:00:00,,,2012-07-09,,0.0,0.0,,0.0,0.0,0.0,,,,,,,,,,,,,,,,,,,,,
Offshore,Thanet,V90-3MW,UTHF04,Gearbox,,,EF901E-013L/LM0640,RW-EF901E-513L/LM0029,Serial Defect,2010-08-04 00:00:00,,,2012-07-31,,0.0,0.0,,0.0,0.0,0.0,,,,,,,,,,,,,,,,,,,,,
Offshore,Thanet,V90-3MW,UTHF02,Gearbox,,,EF901E-013L/LM0430,RW-EF901E-503L/LM0049,Serial Defect,2010-08-08 00:00:00,,,2012-08-09,,0.0,0.0,,0.0,0.0,0.0,,,,,,,,,,,,,,,,,,,,,
Offshore,Thanet,V90-3MW,UTHF05,Gearbox,,,EF901E-013L/LM0448,RW-EF901E-503L/LM0052,Serial Defect,2010-08-14 00:00:00,,,2012-08-15,,0.0,0.0,,0.0,0.0,0.0,,,,,,,,,,,,,,,,,,,,,
Offshore,Thanet,V90-3MW,UTHE02,Gearbox,,,EF901E-013L/LM0605,RW-EF901E-503L/LM0048,Serial Defect,2010-08-09 00:00:00,,,2012-08-18,,0.0,0.0,,0.0,0.0,0.0,,,,,,,,,,,,,,,,,,,,,
Offshore,Thanet,V90-3MW,UTHF08,Gearbox,,,EF901E-013L/LM0415,RW_EF901E-301-L/LM0079,Serial Defect,2010-08-18 00:00:00,,,2012-08-24,,0.0,0.0,,0.0,0.0,0.0,,,,,,,,,,,,,,,,,,,,,
Offshore,Thanet,V90-3MW,UTHB07,Gearbox,,,EF901E-013L/LM0413,EF901E-503L/LM0051,Serial Defect,2010-07-24 00:00:00,,,2012-08-30,,0.0,0.0,,0.0,0.0,0.0,,,,,,,,,,,,,,,,,,,,,
Offshore,Thanet,V90-3MW,UTHF11,Gearbox,,,EF901E-013L/LM0457,RW-EF901E-301-L/LM0078,Serial Defect,2010-08-18 00:00:00,,,2012-09-01,,0.0,0.0,,0.0,0.0,0.0,,,,,,,,,,,,,,,,,,,,,
Offshore,Thanet,V90-3MW,UTHC02,Gearbox,,,EF901E-013L/LM0453,RW-EF901E-013L/LM0064,Serial Defect,2010-08-03 00:00:00,,,2012-09-03,,0.0,0.0,,0.0,0.0,0.0,,,,,,,,,,,,,,,,,,,,,
Onshore,Hoofdplaat Polder,V80-2MW,NHP004,Gearbox,,,,Lohmann + Stolterfoht GPV 440 S 3331,,2008-06-27 00:00:00,2012-09-10,,2012-10-13,,0.0,0.0,,0.0,0.0,0.0,,,,,,,,,,,,,,,,,,,,,
Onshore,Swinford,V90-2MW,USFA08,Gearbox,,,,Lohmann/Rexroth GPV442 SN 793000001651,,,2012-10-04,,2012-10-23,,0.0,0.0,,0.0,0.0,0.0,,,,,,,,,,,,,,,,,,,,,
Onshore,Swinford,V90-2MW,USFA05,Gearbox,,,,Lohmann/Rexroth GPV442 SN 793000001637,,,2012-10-25,,2012-11-20,,0.0,0.0,,0.0,0.0,0.0,,,,,,,,,,,,,,,,,,,,,
Offshore,Horns Rev 1,V80-2MW,WH1231,Gearbox,,"40074658, 40085066",,79300001774,,,,,2013-01-01,,0.0,0.0,,0.0,0.0,0.0,,,,,,,,,,,,,,,,,,,,,
Offshore,Horns Rev 1,V80-2MW,WH1472,Gearbox,,"40074658, 40085066",,79300001721,,,,,2013-01-01,,0.0,0.0,,0.0,0.0,0.0,,,,,,,,,,,,,,,,,,,,,
Offshore,Horns Rev 1,V80-2MW,WH1583,Gearbox,,"40074658, 40085066",,79300001775,,,,,2013-01-01,,0.0,0.0,,0.0,0.0,0.0,,,,,,,,,,,,,,,,,,,,,
Offshore,Lillgrund,"SWT 2,3MW",SLGC03,Main bearing,,,,,,,,,2013-03-01,,0.0,0.0,,0.0,0.0,0.0,,,,,,,,,,,,,,,,,,,,,
Onshore,Lyngsmose,"SWT-2,3MW",WLY001,Blade,,,Blade B,,,2008-01-01 00:00:00,,,2013-03-03,,0.0,0.0,,0.0,0.0,0.0,,,,,,,,,,,,,,,,,,,,,
Offshore,Lillgrund,"SWT 2,3MW",SLGC07,Main bearing,,,,,,,,,2013-05-01,,0.0,0.0,,0.0,0.0,0.0,,,,,,,,,,,,,,,,,,,,,
Offshore,Horns Rev 1,V80-2MW,WH1114,Blade,,,,,,,,,2013-05-01,,0.0,0.0,,0.0,0.0,0.0,,,,,,,,,,,,,,,,,,,,,
Offshore,Horns Rev 1,V80-2MW,WH1462,Gearbox,,"40074658, 40085066",,72802003626,,,,,2013-06-01,,0.0,0.0,,0.0,0.0,0.0,,,,,,,,,,,,,,,,,,,,,
Offshore,Horns Rev 1,V80-2MW,WH1586,Gearbox,,"40074658, 40085066",,793000000049,,,,,2013-06-01,,0.0,0.0,,0.0,0.0,0.0,,,,,,,,,,,,,,,,,,,,,
Onshore,Swinford,V90-2MW,USFA01,Generator,,,,Weier/VND SN H12169,,,2013-06-19,,2013-07-08,,0.0,0.0,,0.0,0.0,0.0,,,,,,,,,,,,,,,,,,,,,
Offshore,Thanet,V90-3MW,UTHG07,Gearbox,,,EF901E-013L/LM0377,RW_EF901E-033-L/LM0050,Serial Defect,2010-08-14 00:00:00,,,2013-08-13,,0.0,0.0,,0.0,0.0,0.0,,,,,,,,,,,,,,,,,,,,,
Offshore,Thanet,V90-3MW,UTHG01,Gearbox,,,EF901E-013L/LM0323,RW_EF901E-033-L/LM0048,Serial Defect,2010-08-09 00:00:00,,,2013-08-14,,0.0,0.0,,0.0,0.0,0.0,,,,,,,,,,,,,,,,,,,,,
Offshore,Thanet,V90-3MW,UTHE13,Gearbox,,,EF901E-013L/LM0464,RW_EF901E-633-L/LM0005,Serial Defect,2010-07-24 00:00:00,,,2013-08-17,,0.0,0.0,,0.0,0.0,0.0,,,,,,,,,,,,,,,,,,,,,
Offshore,Thanet,V90-3MW,UTHB09,Gearbox,,40080800,RW-EF901E-013L/LM0046,RW_EF901E-033-L/LM0037,,2011-08-20 00:00:00,,,2013-08-19,,0.0,0.0,,0.0,0.0,0.0,,,,,,,,,,,,,,,,,,,,,
Offshore,Thanet,V90-3MW,UTHB10,Gearbox,,,EF901E-013L/LM0398,RW_EF901E-043-L/LM0004,Serial Defect,2010-07-17 00:00:00,,,2013-08-22,,0.0,0.0,,0.0,0.0,0.0,,,,,,,,,,,,,,,,,,,,,
Offshore,Thanet,V90-3MW,UTHC09,Gearbox,,,EF901E-013L/LM0338,RW_EF901E-633-L/LM0018,Serial Defect,2010-07-06 00:00:00,,,2013-08-22,,0.0,0.0,,0.0,0.0,0.0,,,,,,,,,,,,,,,,,,,,,
Offshore,Thanet,V90-3MW,UTHC11,Gearbox,,,EF901E-013L/LM0412,RW_EF901E-633-L/LM0017,Serial Defect,2010-07-11 00:00:00,,,2013-08-23,,0.0,0.0,,0.0,0.0,0.0,,,,,,,,,,,,,,,,,,,,,
Offshore,Thanet,V90-3MW,UTHE03,Gearbox,,,EF901E-013L/LM0407,RW_EF901E-633-L/LM0021,Serial Defect,2010-08-03 00:00:00,,,2013-09-13,,0.0,0.0,,0.0,0.0,0.0,,,,,,,,,,,,,,,,,,,,,
Offshore,Thanet,V90-3MW,UTHB02,Gearbox,,,EF901E-013L/LM0383,RW_EF901E-633-L/LM0022,Serial Defect,2010-08-04 00:00:00,,,2013-09-20,,0.0,0.0,,0.0,0.0,0.0,,,,,,,,,,,,,,,,,,,,,
Offshore,Thanet,V90-3MW,UTHD16,Gearbox,,,EF901E-013L/LM0344,RW_EF901E-633-L/LM0022,Serial Defect,2010-09-09 00:00:00,,,2013-09-22,,0.0,0.0,,0.0,0.0,0.0,,,,,,,,,,,,,,,,,,,,,
Offshore,Thanet,V90-3MW,UTHD16,Gearbox,,,EF901E-013L/LM0344,RW_EF901E-633-L/LM0022,Serial Defect,2010-09-09 00:00:00,,,2013-09-22,,0.0,0.0,,0.0,0.0,0.0,,,,,,,,,,,,,,,,,,,,,
Offshore,Thanet,V90-3MW,UTHB11,Gearbox,,,EF901E-013L/LM0394,RW_EF901E-033-L/LM0047,Serial Defect,2010-07-09 00:00:00,,,2013-09-23,,0.0,0.0,,0.0,0.0,0.0,,,,,,,,,,,,,,,,,,,,,
Offshore,Thanet,V90-3MW,UTHB12,Gearbox,,,EF901E-013L/LM0401,RW_EF901E-033-L/LM0052,Serial Defect,2010-07-17 00:00:00,,,2013-09-25,,0.0,0.0,,0.0,0.0,0.0,,,,,,,,,,,,,,,,,,,,,
Offshore,Thanet,V90-3MW,UTHG05,Gearbox,,,EF901E-013L/LM0450,RW_EF901E-033-L/LM0051,Serial Defect,2010-08-12 00:00:00,,,2013-09-25,,0.0,0.0,,0.0,0.0,0.0,,,,,,,,,,,,,,,,,,,,,
Offshore,Horns Rev 1,V80-2MW,WH1232,Gearbox,,"40074658, 40085066",,72802016022.R1,,,,,2013-12-01,,0.0,0.0,,0.0,0.0,0.0,,,,,,,,,,,,,,,,,,,,,
Offshore,Alpha Ventus,"Re5-5,1MW",GAV004,Main bearing,,,,Rotorbearings 1+2,,2009-01-01 00:00:00,2013-11-21,,2013-12-03,,0.0,0.0,,0.0,0.0,0.0,,,,,,,,,,,,,,,,,,,,,
Offshore,Egmond aan Zee,V90-3MW,NEZ010,Blade,,,,Blade B,,,,,2014-01-01,,0.0,0.0,,0.0,0.0,0.0,,,,,,,,,,,,,,,,,,,,,
Onshore,Hjuleberg,SWT DD3,SHBA01,Main bearing,,,,,,,,,2014-01-01,,0.0,0.0,,0.0,0.0,0.0,,,,,,,,,,,,,,,,,,,,,
Onshore,Hjuleberg,SWT DD3,SHBB03,Main bearing,,,,,,,,,2014-01-01,,0.0,0.0,,0.0,0.0,0.0,,,,,,,,,,,,,,,,,,,,,
Onshore,Princess Alexia,"Senvion 3,4M",R12,Gearbox,,,,"Gearbox, Eickhoff, EBN2525A, 50Hz, 3.4M",,,2013-11-02,,2014-01-22,,0.0,0.0,,0.0,0.0,0.0,,,,,,,,,,,,,,,,,,,,,
Offshore,Thanet,V90-3MW,UTHB09,Gearbox,,40080800,RW_EF901E-033-L/LM0037,RW_EF901E-633-L/LM0055,,2013-08-19 00:00:00,,,2014-02-19,,0.0,0.0,,0.0,0.0,0.0,,,,,,,,,,,,,,,,,,,,,
Onshore,Hoofdplaat Polder,V80-2MW,NHP002,Gearbox,,,,Moventas  PLH-1400V80,,2009-06-03 00:00:00,2014-02-24,,2014-03-01,,0.0,0.0,,0.0,0.0,0.0,,,,,,,,,,,,,,,,,,,,,
Offshore,Horns Rev 1,V80-2MW,WH1222,Gearbox,,"40074658, 40085066",,793000000048.R1,,,,,2014-03-01,,0.0,0.0,,0.0,0.0,0.0,,,,,,,,,,,,,,,,,,,,,
Offshore,Horns Rev 1,V80-2MW,WH1466,Gearbox,,"40074658, 40085066",,61230,,,,,2014-03-01,,0.0,0.0,,0.0,0.0,0.0,,,,,,,,,,,,,,,,,,,,,
Offshore,Horns Rev 1,V80-2MW,WH1471,Gearbox,,"40074658, 40085066",,72802013664,,,,,2014-03-01,,0.0,0.0,,0.0,0.0,0.0,,,,,,,,,,,,,,,,,,,,,
Offshore,Horns Rev 1,V80-2MW,WH1582,Gearbox,,"40074658, 40085066",,61233,,,,,2014-03-01,,0.0,0.0,,0.0,0.0,0.0,,,,,,,,,,,,,,,,,,,,,
Offshore,Lillgrund,"SWT 2,3MW",SLGB06,Gearbox,,"40085006, 40090389",,,,,2014-02-25,,2014-03-30,,0.0,0.0,,0.0,0.0,0.0,,,,,,,,,,,,,,,,,,,,,
Offshore,Lillgrund,"SWT 2,3MW",SLGC03,Gearbox,,"40085006, 40090389",,,,,2013-12-05,,2014-06-01,,0.0,0.0,,0.0,0.0,0.0,,,,,,,,,,,,,,,,,,,,,
Offshore,Lillgrund,"SWT 2,3MW",SLGC05,Gearbox,,"40085006, 40090389",,,,,2014-01-06,,2014-06-01,,0.0,0.0,,0.0,0.0,0.0,,,,,,,,,,,,,,,,,,,,,
Onshore,Princess Alexia,"Senvion 3,4M",R10,Gearbox,,,,"Eickhoff, EBN2525A, 50Hz, 3.4M",,,2014-03-05,,2014-06-07,,0.0,0.0,,0.0,0.0,0.0,,,,,,,,,,,,,,,,,,,,,
Offshore,Horns Rev 1,V80-2MW,WH1341,Transformer,,40074272,,,,,,,2014-07-01,,0.0,0.0,,0.0,0.0,0.0,,,,,,,,,,,,,,,,,,,,,
Onshore,Princess Alexia,"Senvion 3,4M",W06,Transformer,,,"Trafo_3800kVA_50Hz_33,00kV_S_3_AF___1_3X","Trafo_3800kVA_50Hz_33,00kV_S_3_DY05_1_3X
",,,2014-03-18,,2014-07-15,,0.0,0.0,,0.0,0.0,0.0,,,,,,,,,,,,,,,,,,,,,
Offshore,Ormonde,"Re5-5,1MW",UOR3C1,Main bearing,,,"SKF Z-5.1-TS.RL.21-B, Ind.A",,,2012-10-12 00:00:00,,,2014-07-19,,0.0,0.0,,0.0,0.0,0.0,,,,,,,,,,,,,,,,,,,,,
Offshore,Ormonde,"Re5-5,1MW",UOR2B6,Main bearing,,,"SKF Z-5.1-TS.RL.21-B, Ind.A",,,2012-01-15 00:00:00,,,2014-07-20,,0.0,0.0,,0.0,0.0,0.0,,,,,,,,,,,,,,,,,,,,,
Offshore,Ormonde,"Re5-5,1MW",UOR4D7,Main bearing,,,"SKF Z-5.1-TS.RL.21-B, Ind.A",,,2011-09-19 00:00:00,,,2014-07-24,,0.0,0.0,,0.0,0.0,0.0,,,,,,,,,,,,,,,,,,,,,
Offshore,Ormonde,"Re5-5,1MW",UOR1A1,Gearbox,,,PZFB/3680/0,,,2012-02-12 00:00:00,2014-03-07,,2014-07-26,,0.0,0.0,,0.0,0.0,0.0,,,,,,,,,,,,,,,,,,,,,
Offshore,Ormonde,"Re5-5,1MW",UOR2B5,Gearbox,,,PZFB/3680/0,,,2011-12-18 00:00:00,2014-03-31,,2014-07-26,,0.0,0.0,,0.0,0.0,0.0,,,,,,,,,,,,,,,,,,,,,
Offshore,Ormonde,"Re5-5,1MW",UOR4D8,Main bearing,,,"SKF Z-5.1-TS.RL.21-B, Ind.A",,,2011-08-24 00:00:00,,,2014-07-28,,0.0,0.0,,0.0,0.0,0.0,,,,,,,,,,,,,,,,,,,,,
Offshore,Ormonde,"Re5-5,1MW",UOR1A2,Main bearing,,,"SKF Z-5.1-TS.RL.21-B, Ind.A",,,2012-05-14 00:00:00,,,2014-08-15,,0.0,0.0,,0.0,0.0,0.0,,,,,,,,,,,,,,,,,,,,,
Offshore,Horns Rev 1,V80-2MW,WH1343,Gearbox,,"40074658, 40085066",,61232,,,,,2014-09-01,,0.0,0.0,,0.0,0.0,0.0,,,,,,,,,,,,,,,,,,,,,
Offshore,Ormonde,"Re5-5,1MW",UOR2A7,Main bearing,,,"SKF Z-5.1-TS.RL.21-B, Ind.A",,,2012-01-05 00:00:00,,,2014-09-03,,0.0,0.0,,0.0,0.0,0.0,,,,,,,,,,,,,,,,,,,,,
Offshore,Ormonde,"Re5-5,1MW",UOR4D3,Main bearing,,,"SKF Z-5.1-TS.RL.21-B, Ind.A",,,2011-08-19 00:00:00,,,2014-09-05,,0.0,0.0,,0.0,0.0,0.0,,,,,,,,,,,,,,,,,,,,,
Offshore,Thanet,V90-3MW,UTHA04,Gearbox,,,EF901E-013L/LM0449,RW_EF901E-633-L/LM0019,Serial Defect,2010-07-22 00:00:00,,,2014-09-13,,0.0,0.0,,0.0,0.0,0.0,,,,,,,,,,,,,,,,,,,,,
Offshore,Kentish Flats,V90-3MW,UKFC16,Blade,,40074287,,,,,,,2014-10-01,,0.0,0.0,,0.0,0.0,0.0,,,,,,,,,,,,,,,,,,,,,
Offshore,Alpha Ventus,"Re5-5,1MW",GAV002,Blade,,,,LM 61.5 P2,,2009-01-01 00:00:00,2014-09-27,,2014-10-13,,0.0,0.0,,0.0,0.0,0.0,,,,,,,,,,,,,,,,,,,,,
Offshore,Alpha Ventus,"Re5-5,1MW",GAV002,Main bearing,,,,Not documented in detail,,2009-01-01 00:00:00,2014-09-27,,2014-10-13,,0.0,0.0,,0.0,0.0,0.0,,,,,,,,,,,,,,,,,,,,,
Offshore,Alpha Ventus,"Re5-5,1MW",GAV006,Gearbox,,,,Winergy PZFB 3680,,2009-01-01 00:00:00,2014-10-13,,2014-10-16,,0.0,0.0,,0.0,0.0,0.0,,,,,,,,,,,,,,,,,,,,,
Offshore,Horns Rev 1,V80-2MW,WH1232,Generator,,40089382,,,,,,,2014-11-01,,0.0,0.0,,0.0,0.0,0.0,,598449.0,598049.0,,,,,,,,,,,,,,,,,,
Onshore,Bajlum,SWT DD3,WBMA03,Main bearing,,,SKF - ?,,,25-04-2014,2014-04-11,,2014-11-21,,0.0,0.0,,0.0,0.0,0.0,,,,,,,,,,,,,,,,,,,,,
Onshore,Bajlum,SWT DD3,WBMA05,Main bearing,,,SKF - ?,,,25-04-2014,2014-10-28,,2014-11-24,,0.0,0.0,,0.0,0.0,0.0,,,,,,,,,,,,,,,,,,,,,
Onshore,Hjuleberg,SWT DD3,SHBB05,Main bearing,,,,,,,,,2015-01-01,,0.0,0.0,,0.0,0.0,0.0,,,,,,,,,,,,,,,,,,,,,
Onshore,Hjuleberg,SWT DD3,SHBB06,Main bearing,,,,,,,,,2015-01-01,,0.0,0.0,,0.0,0.0,0.0,,,,,,,,,,,,,,,,,,,,,
Onshore,Östra Herrestad,V90-1800kW-2G,,Transformer,,,,,,,,,2015-01-01,,0.0,0.0,,0.0,0.0,0.0,,,,,,,,,,,,,,,,,,,,,
Onshore,Bajlum,SWT DD3,WBMA02,Main bearing,,,SKF - ?,,,25-04-2014,2015-02-19,,2015-03-03,,0.0,0.0,,0.0,0.0,0.0,,,,,,,,,,,,,,,,,,,,,
Offshore,Horns Rev 1,V80-2MW,WH1105,Gearbox,,"40074658, 40085066",,72802004580,,,,,2015-04-01,,0.0,0.0,,0.0,0.0,0.0,,632945.0,,,,,,,,,,,,,,,,,,,
Offshore,Horns Rev 1,V80-2MW,WH1106,Gearbox,,"40074658, 40085066",,72802016023,,,,,2015-04-01,,0.0,0.0,,0.0,0.0,0.0,,632941.0,,,,,,,,,,,,,,,,,,,
Offshore,Horns Rev 1,V80-2MW,WH1468,Gearbox,,"40074658, 40085066",,72802011837,,,,,2015-04-01,,0.0,0.0,,0.0,0.0,0.0,,632945.0,,,,,,,,,,,,,,,,,,,
Onshore,Princess Alexia,"Senvion 3,4M",R08,Gearbox,,,,"Moventas, PPLH2900, 3.XM",,,2015-01-12,,2015-04-07,,0.0,0.0,,0.0,0.0,0.0,,,,,,,,,,,,,,,,,,,,,
Onshore,Swinford,V90-2MW,USFA11,Gearbox,,,,Winergy/Flender PEAB 4435 rev4 SN 4845781-0110-1,,,2015-06-16,,2015-06-19,,0.0,0.0,,0.0,0.0,0.0,,,,,,,,,,,,,,,,,,,,,
Offshore,Ormonde,"Re5-5,1MW",UOR1A5,Gearbox,,,PZFB/3680/0,,,2012-02-12 00:00:00,,,2015-07-10,,0.0,0.0,,0.0,0.0,0.0,,656300.0,658593.0,,,,,,,,,,,,,,,,,,
Offshore,Ormonde,"Re5-5,1MW",UOR1B1,Main bearing,,,"SKF Z-5.1-TS.RL.21-B, Ind.A",,,2012-02-06 00:00:00,,,2015-07-14,,0.0,0.0,,0.0,0.0,0.0,,658012.0,,,,,,,,,,,,,,,,,,,
Offshore,Ormonde,"Re5-5,1MW",UOR3C6,Main bearing,,,"SKF Z-5.1-TS.RL.21-B, Ind.A",,,,,,2015-07-26,,0.0,0.0,,0.0,0.0,0.0,,662223.0,,,,,,,,,,,,,,,,,,,
Offshore,Lillgrund,"SWT 2,3MW",SLGE07,Main bearing,,,,,,,,,2015-08-01,,0.0,0.0,,0.0,0.0,0.0,,,,,,,,,,,,,,,,,,,,,
Offshore,Ormonde,"Re5-5,1MW",UOR3C7,Main bearing,,,"SKF Z-5.1-TS.RL.21-B, Ind.A",,,2011-09-30 00:00:00,,,2015-08-09,,0.0,0.0,,0.0,0.0,0.0,,664909.0,,,,,,,,,,,,,,,,,,,
Offshore,Alpha Ventus,"Re5-5,1MW",GAV001,Main bearing,,,,Not documented in detail,,2009-01-01 00:00:00,2015-08-20,,2015-09-09,,0.0,0.0,,0.0,0.0,0.0,,,,,,,,,,,,,,,,,,,,,
Offshore,Alpha Ventus,"Re5-5,1MW",GAV004,Gearbox,,,,Winergy PZFB 3680,,2009-01-01 00:00:00,2015-09-10,,2015-09-13,,0.0,0.0,,0.0,0.0,0.0,,,,,,,,,,,,,,,,,,,,,
Offshore,Alpha Ventus,"Re5-5,1MW",GAV005,Blade,,,,LM 61.5 P2,,2009-01-01 00:00:00,2015-10-18,,2015-11-04,,0.0,0.0,,0.0,0.0,0.0,,,,,,,,,,,,,,,,,,,,,
Offshore,Alpha Ventus,"Re5-5,1MW",GAV005,Main bearing,,,,Not documented in detail,,2009-01-01 00:00:00,2015-10-18,,2015-11-04,,0.0,0.0,,0.0,0.0,0.0,,,,,,,,,,,,,,,,,,,,,
Onshore,Hjuleberg,SWT DD3,SHBB02,Main bearing,,,,,,,,,2016-01-01,,0.0,0.0,,0.0,0.0,0.0,,,,,,,,,,,,,,,,,,,,,
Onshore,Östra Herrestad,V90-1800kW-2G,,Gearbox,,,,,,,,,2016-01-01,,0.0,0.0,,0.0,0.0,0.0,,,,,,,,,,,,,,,,,,,,,
Offshore,Lillgrund,"SWT 2,3MW",SLGF05,Gearbox,,"40085006, 40090389",,,,,2015-11-28,,2016-02-01,,0.0,0.0,,0.0,0.0,0.0,,721384.0,,,,,,,,,,,,,,,,,,,
Offshore,Horns Rev 1,V80-2MW,WH1591,Gearbox,,"40074658, 40085066",,793000000046,,,,,2016-02-12,,0.0,0.0,,0.0,0.0,0.0,,719067.0,,,,,,,,,,,,,,,,,,,
Offshore,Lillgrund,"SWT 2,3MW",SLGC04,Generator,,"40076273, 40076300, 40076285",,,,,,,2016-03-01,,0.0,0.0,,0.0,0.0,0.0,,709545.0,724569.0,,,,,,,,,,,,,,,,,,
Offshore,Horns Rev 1,V80-2MW,WH1221,Gearbox,,"40074658, 40085066",,61231,,,,,2016-05-01,,0.0,0.0,,0.0,0.0,0.0,,734216.0,,,,,,,,,,,,,,,,,,,
Offshore,DanTysk,"SWT-3,6MW",GDT003,Gearbox,,,,,,,2016-04-17,,2016-05-18,2016-06-18,1146796.0,0.0,,0.0,0.0,0.0,,741739.0,,,,,,,,,,,,,,,,,,,
Offshore,Horns Rev 1,V80-2MW,WH1465,Gearbox,,"40074658, 40085066",,793000000517,,,,,2016-06-10,,0.0,0.0,,0.0,0.0,0.0,,754086.0,,,,,,,,,,,,,,,,,,,
Offshore,Ormonde,"Re5-5,1MW",UOR2B3,Gearbox,,,PZFB/3680/0,,,2011-11-11 00:00:00,2016-05-06,,2016-06-16,,0.0,0.0,,0.0,0.0,0.0,,748321.0,763507.0,763816.0,763716.0,763927.0,763883.0,763572.0,763588.0,763871.0,763850.0,,,,,,,,,,
Onshore,Hoofdplaat Polder,V80-2MW,NHP005,Transformer,,,,SGB,,2005-03-26 00:00:00,2016-06-28,,2016-07-20,,0.0,0.0,,0.0,0.0,0.0,,,,,,,,,,,,,,,,,,,,,
Onshore,Tjæreborg Enge,V80-2MW,,Gearbox,,,,793000000047,,,2016-07-05,,2016-08-15,,0.0,0.0,,0.0,0.0,0.0,,,,,,,,,,,,,,,,,,,,,
Offshore,Lillgrund,"SWT 2,3MW",SLGE04,Gearbox,,"40085006, 40090389",,,,,2015-11-13,,2016-10-01,,0.0,0.0,,0.0,0.0,0.0,,799080.0,,,,,,,,,,,,,,,,,,,
Offshore,Lillgrund,"SWT 2,3MW",SLGG03,Gearbox,,"40085006, 40090389",,,,,2015-12-01,,2016-10-01,,0.0,0.0,,0.0,0.0,0.0,,792578.0,791209.0,,,,,,,,,,,,,,,,,,
Offshore,Horns Rev 1,V80-2MW,WH1107,Generator,,40089382,,,,,,,2016-11-01,,0.0,0.0,,0.0,0.0,0.0,,,,,,,,,,,,,,,,,,,,,
Offshore,Horns Rev 1,V80-2MW,WH1238,Gearbox,Planned,"40074658, 40085066",,793000000422,,,2016-11-24,2016-11-22,2016-11-28,2016-11-30,97267.79999999999,3286.2621,6071685,32631.343624161073,69800.18,22314.85,WIND,807059.0,,,,,,,,,,,,,,,,,,,
Offshore,Horns Rev 1,V80-2MW,WH1107,Generator,Planned,40089382,,,,,2016-11-26,2016-11-22,2016-11-28,2016-11-29,33340.299999999996,1126.4258499999999,6070386,18612.824161073826,69799.965,18287.47,WIND,799328.0,807482.0,,,,,,,,,,,,,,,,,,
Onshore,Hjuleberg,SWT DD3,SHBA01,Blade,,,,,,,,,2017-01-01,,0.0,0.0,,0.0,0.0,0.0,,,,,,,,,,,,,,,,,,,,,
Onshore,Stor Rotliden,V90-2MW,SRLC08,Blade,,"40076313, 40093687",,,,,,,2017-01-01,,0.0,0.0,,0.0,0.0,0.0,,,,,,,,,,,,,,,,,,,,,
Onshore,Stor Rotliden,V90-2MW,,Gearbox,,,,,,,,,2017-01-01,,0.0,0.0,,0.0,0.0,0.0,,,,,,,,,,,,,,,,,,,,,
Onshore,Hoofdplaat Polder,V80-2MW,NHP004,Gearbox,,,,"Lohmann + Stolterfoht GPV 440 S-3331-0100,84-HO-PG",,13-10-2012,2016-08-29,,2017-02-09,,0.0,0.0,,0.0,0.0,0.0,,,,,,,,,,,,,,,,,,,,,
Onshore,Lyngsmose,"SWT-2,3MW",WLY002,Blade,,,Blade A,,,,2017-03-01,,2017-03-03,2017-03-31,0.0,0.0,,0.0,0.0,0.0,,,,,,,,,,,,,,,,,,,,,
Onshore,Lyngsmose,"SWT-2,3MW",WLY002,Blade,,,Blade B,,,,2017-03-01,,2017-03-03,2017-03-31,0.0,0.0,,0.0,0.0,0.0,,,,,,,,,,,,,,,,,,,,,
Onshore,Lyngsmose,"SWT-2,3MW",WLY002,Blade,,,Blade C,,,,2017-03-01,,2017-03-03,2017-03-31,0.0,0.0,,0.0,0.0,0.0,,,,,,,,,,,,,,,,,,,,,
Onshore,Tjæreborg Enge,V80-2MW,WTG57,Main bearing,,,,555909393-2,,,2017-03-02,,2017-04-02,,0.0,0.0,,0.0,0.0,0.0,,,,,,,,,,,,,,,,,,,,,
Onshore,Princess Alexia,"Senvion 3,4M",R06,Gearbox,,,,"Moventas, PPLH2900, 3.XM",,,2017-04-03,,2017-04-07,,0.0,0.0,,0.0,0.0,0.0,,,,,,,,,,,,,,,,,,,,,
Onshore,Princess Alexia,"Senvion 3,4M",W08,Gearbox,,,,"Moventas, PPLH2900, 3.XM",,,2017-04-07,,2017-04-12,,0.0,0.0,,0.0,0.0,0.0,,,,,,,,,,,,,,,,,,,,,
Onshore,Princess Alexia,"Senvion 3,4M",W06,Gearbox,,,,"Moventas, PPLH2900, 3.XM",,,2017-04-13,,2017-04-16,,0.0,0.0,,0.0,0.0,0.0,,,,,,,,,,,,,,,,,,,,,
Offshore,Horns Rev 1,V80-2MW,WH1233,Gearbox,Planned,"40074658, 40085066",,793000000455,,,2017-04-18,2017-04-11,2017-04-19,2017-04-26,144421.9,4879.3970500000005,6080214,32631.343624161073,82710.93,37271.54,WIND,856548.0,,,,,,,,,,,,,,,,,,,
Offshore,Lillgrund,"SWT 2,3MW",SLGF03,Gearbox,Planned,"40085006, 40090389",,,,,2017-04-17,2017-02-01,2017-04-28,2017-05-03,197026.9,7261.8486,6067608,83644.86952380951,46092.13,28835.37,SOUND PROSPECTOR,856315.0,,,,,,,,,,,,,,,,,,,
Onshore,Princess Alexia,"Senvion 3,4M",N05,Gearbox,,,,"Eickhoff, EBN2525A, 50Hz, 3.4M",,,2017-04-24,,2017-04-28,,0.0,0.0,,0.0,0.0,0.0,,,,,,,,,,,,,,,,,,,,,
Offshore,Lillgrund,"SWT 2,3MW",SLGA02,Generator,Planned,"40076273, 40076300, 40076285",,,,,2017-03-03,2017-02-01,2017-04-29,2017-05-03,677751.8999999999,24979.9986,6078505,30230.801904761902,20701.06,6180.82,SOUND PROSPECTOR,843168.0,839634.0,,,,,,,,,,,,,,,,,,
Offshore,Lillgrund,"SWT 2,3MW",SLGF06,Generator,Planned,"40076273, 40076300, 40076285",,,,,2017-03-23,2017-02-01,2017-04-30,2017-05-03,486040.1,17914.049399999996,6078506,25897.83523809524,20701.06,4410.51,SOUND PROSPECTOR,849214.0,843163.0,846147.0,846135.0,840487.0,,,,,,,,,,,,,,,
Onshore,Hjuleberg,SWT DD3-113,UPYH03,Main bearing,,,,Rothe Erde D3 - RD_Load460 (401864680005),,2016-05-11 00:00:00,2017-03-12,,2017-05-09,,0.0,0.0,,0.0,0.0,0.0,,,,,,,,,,,,,,,,,,,,,
Offshore,Horns Rev 1,V80-2MW,WH1235,Blade Bearing,Planned,,,,,,2017-05-16,2017-05-08,2017-05-19,2017-05-21,36402.1,1229.87095,6081052,4500.051006711409,61103.0,20298.15,WIND,866435.0,,,,,,,,,,,,,,,,,,,
Offshore,Horns Rev 1,V80-2MW,WH1355,Blade Bearing,Planned,,,,,,2017-05-21,2017-05-08,2017-05-21,2017-05-28,70480.9,2381.24755,6081086,4500.051006711409,61103.0,19334.95,WIND,869910.0,868409.0,869009.0,868186.0,,,,,,,,,,,,,,,,
Onshore,Princess Alexia,"Senvion 3,4M",N11,Gearbox,,,,"Moventas, PPLH2900, 3.XM",,,2017-04-19,,2017-05-23,,0.0,0.0,,0.0,0.0,0.0,,,,,,,,,,,,,,,,,,,,,
Offshore,Horns Rev 1,V80-2MW,WH1356,Gearbox,Planned,"40074658, 40085066",,72802011838,,,2017-05-22,2017-05-08,2017-05-23,2017-05-28,65224.6,2203.6597,6081530,32631.343624161073,56889.0,34772.81,WIND,868662.0,,,,,,,,,,,,,,,,,,,
Offshore,DanTysk,"SWT-3,6MW",GDT024,Gearbox,,,,,,,2017-05-12,,2017-06-10,2017-07-09,1086542.0999999999,129484.77425999999,,0.0,0.0,0.0,,865083.0,,,,,,,,,,,,,,,,,,,
Offshore,Ormonde,"Re5-5,1MW",UOR2B5,Main bearing,,,PZFB/3680/0,,,2011-12-18 00:00:00,2017-06-05,,2017-06-20,2017-08-24,2381479.0999999996,216510.47131999998,,0.0,0.0,0.0,,874842.0,905637.0,,,,,,,,,,,,,,,,,,
Offshore,Horns Rev 1,V80-2MW,WH1221,Transformer,Forced,40074272,,,,,2017-06-02,,2017-07-01,2017-07-22,644457.1,21773.44345,6082271,18505.248018741637,0.0,21260.451432396254,site CTV,873681.0,,,,,,,,,,,,,,,,,,,
Offshore,Ormonde,"Re5-5,1MW",UOR2B2,Main bearing,,,"SKF Z-5.1-TS.RL.21-B, Ind.A",,,2011-11-06 00:00:00,2017-06-16,,2017-07-08,2017-08-17,1761673.9,160161.32428,,0.0,0.0,0.0,,880165.0,,,,,,,,,,,,,,,,,,,
Offshore,Kentish Flats,V90-3MW,UKFB04,Gearbox,Planned,40101715,EF901E-003L/LM0051,RW-EF901E-503L/LM0120,Serial Defect,2008-09-14 00:00:00,2017-10-28,2017-08-29,2017-11-02,2017-11-14,283509.1,17415.558999999997,6085872,133846.92134831462,99093.5,18847.76,WIND,930759.0,,,,,,,,,,,,,,,,,,,
Onshore,Hoofdplaat Polder,V80-2MW,NHP005,Gearbox,,,,"Hansen EH802 CN21-BN-101,02",,2005-03-26 00:00:00,2017-12-07,,2017-12-20,2017-12-22,0.0,0.0,,0.0,0.0,0.0,,,,,,,,,,,,,,,,,,,,,
Offshore,Thanet,V90-3MW,UTHG11,Blade,Planned,,,,,,2017-11-09,2017-08-29,2018-01-06,2018-01-12,1239496.2999999998,113449.32563,6085871,97599.85393258427,82474.0,365.93,WIND,943763.0,939670.0,927466.0,,,,,,,,,,,,,,,,,
Offshore,DanTysk,"SWT-3,6MW",GDT070,Gearbox,,,,,,,2017-12-20,,2018-01-06,2018-01-23,999449.4999999999,119105.82470000001,,0.0,0.0,0.0,,949022.0,948804.0,,,,,,,,,,,,,,,,,,
Offshore,Egmond aan Zee,V90-3MW,NEZ012,Blade,Forced,,,Blade C,,,2017-11-26,,2018-01-26,2018-02-05,1739080.0,50209.724,,86000.0,103200.0,0.0,WIND PIONEER,941715.0,,,,,,,,,,,,,,,,,,,
Offshore,Horns Rev 1,V80-2MW,WH1225,Gearbox,Planned,"40074658, 40085066",,72802016021,,,2018-02-12,2017-11-01,2018-03-21,2018-04-08,948758.9999999999,32054.500499999995,6081312,45890.6389261745,45522.81,22014.71,WIND PIONEER,977880.0,970812.0,,,,,,,,,,,,,,,,,,
Offshore,Horns Rev 1,V80-2MW,WH1111,Gearbox,Planned,"40074658, 40085066",,72802186794,,,2018-03-14,2017-11-01,2018-03-21,2018-04-10,451197.6,15244.033199999998,6099953,45807.69798657718,45522.81,19609.72,WIND PIONEER,978572.0,,,,,,,,,,,,,,,,,,,
Offshore,Horns Rev 1,V80-2MW,WH1357,Gearbox,Planned,"40074658, 40085066",,72802018369,,,2018-03-19,2017-11-01,2018-03-22,2018-03-26,83827.09999999999,2832.15845,6087033,45807.69798657718,45522.81,17724.17,WIND PIONEER,981601.0,,,,,,,,,,,,,,,,,,,
Offshore,Horns Rev 1,V80-2MW,WH1103,Gearbox,Planned,"40074658, 40085066",,72802186752,,,2018-03-21,2018-01-24,2018-03-23,2018-04-03,178224.9,6021.45555,6100917,45890.6389261745,60619.25,14615.27,WIND PIONEER,982249.0,,,,,,,,,,,,,,,,,,,
Offshore,Horns Rev 1,V80-2MW,WH1477,Blade Bearing,Planned,,,,,,2018-03-24,2018-01-24,2018-03-25,2018-04-02,113652.0,3839.8140000000003,6100916,2214.009395973154,60619.25,24129.45,WIND PIONEER,983220.0,,,,,,,,,,,,,,,,,,,
Offshore,Horns Rev 1,V80-2MW,WH1592,Gearbox,Planned,"40074658, 40085066",,72802186939,,,2018-03-23,2018-01-24,2018-03-26,2018-04-09,237914.59999999998,8038.1147,6087035,45890.6389261745,60619.25,15451.19,WIND PIONEER,982899.0,,,,,,,,,,,,,,,,,,,
Offshore,Horns Rev 1,V80-2MW,WH1104,Gearbox,Planned,"40074658, 40085066",,72802017780,,,2018-03-24,2018-01-24,2018-03-26,2018-04-08,218491.0,7381.874500000001,6100918,45807.69798657718,60619.25,16284.53,WIND PIONEER,983263.0,,,,,,,,,,,,,,,,,,,
Offshore,Alpha Ventus,"Re5-5,1MW",GAV003,Gearbox,,,,Winergy PZFB 3680; Nr. 4814234-0050-1,,2009-01-01 00:00:00,2018-02-01,,2018-04-01,,0.0,0.0,,0.0,0.0,0.0,,,,,,,,,,,,,,,,,,,,,
Offshore,Alpha Ventus,"Re5-5,1MW",GAV006,Blade,,,,LM 61.5 P2 0047/0048/0049,,2009-01-01 00:00:00,2018-02-01,,2018-04-01,,0.0,0.0,,0.0,0.0,0.0,,,,,,,,,,,,,,,,,,,,,
Offshore,Horns Rev 1,V80-2MW,WH1114,Transformer,Forced,40074272,,,,,2018-04-23,,2018-05-01,2018-05-24,373495.5,12618.81225,6102717,20555.75856760375,0.0,19013.9811914324,site CTV,992965.0,992714.0,,,,,,,,,,,,,,,,,,
Offshore,Lillgrund,"SWT-2,3MW",SLGA01,Main bearing,Planned,,,,,,2018-04-26,2017-12-18,2018-05-03,2018-05-04,69191.5,2550.201,6090281,22347.222857142857,77357.0,24140.2,WIND PIONEER,993798.0,993531.0,,,,,,,,,,,,,,,,,,
Offshore,Lillgrund,"SWT-2,3MW",SLGD01,Main bearing,Planned,,,,,,2018-04-26,2017-12-18,2018-05-04,2018-05-08,57439.899999999994,2117.0706,6090322,22347.222857142857,64715.0,35433.29,WIND PIONEER,993863.0,993534.0,,,,,,,,,,,,,,,,,,
Offshore,Lillgrund,"SWT-2,3MW",SLGC08,Gearbox,Planned,"40085006, 40090389",,,,,2018-05-02,2017-12-18,2018-05-05,2018-05-11,47101.6,1736.0303999999999,6098449,83644.86952380951,110510.0,1826.21,WIND PIONEER,995222.0,998233.0,998226.0,1000052.0,,,,,,,,,,,,,,,,
Offshore,Ormonde,"Re5-5,1MW",UOR2A7,Gearbox,Planned,,PZFB/3680/0,,,,2018-05-05,,2018-05-10,2018-05-21,152007.09999999998,13819.61692,6103670,367280.3932584269,131177.37666666668,23249.67,BRAVE TURN,996768.0,1001785.0,,,,,,,,,,,,,,,,,,
Offshore,Ormonde,"Re5-5,1MW",UOR3C7,Gearbox,Planned,,PZFB/3680/0,,,,2018-05-05,,2018-05-10,2018-05-21,227378.19999999998,20671.92664,6103671,168939.26966292135,131177.37666666668,24632.98,BRAVE TURN,998784.0,996902.0,,,,,,,,,,,,,,,,,,
Offshore,Ormonde,"Re5-5,1MW",UOR1A6,Gearbox,Planned,,PZFB/3680/0,,,,2018-05-08,,2018-05-10,2018-05-19,104069.0,9461.3588,6103672,367280.3932584269,131177.37666666668,23722.239999999998,BRAVE TURN,996950.0,1002345.0,,,,,,,,,,,,,,,,,,
Offshore,Kentish Flats,V90-3MW,UKFE01,Blade,Forced,"40084806, 40080789, 40074287",,,,,2018-04-07,2018-04-12,2018-05-27,2018-05-31,421796.19999999995,25910.338000000003,6098981,79220.01123595505,99093.5,52387.76,WIND PIONEER,967705.0,989587.0,,,,,,,,,,,,,,,,,,
Offshore,DanTysk,"SWT-3,6MW",GDT054,Gearbox,,,,,,,2018-05-09,,2018-06-14,2018-07-21,1315251.7,156740.42402,,0.0,0.0,0.0,,997364.0,996484.0,,,,,,,,,,,,,,,,,,
Offshore,DanTysk,"SWT-3,6MW",GDT056,Gearbox,,,,,,,2018-06-07,,2018-06-30,2018-07-24,843504.8999999999,100521.68394,,0.0,0.0,0.0,,1009259.0,1007083.0,,,,,,,,,,,,,,,,,,
Offshore,Alpha Ventus,"Re5-5,1MW",GAV005,Gearbox,,,,Winergy PZFB 3680,,2009-01-01 00:00:00,2018-04-10,,2018-07-01,,0.0,0.0,,0.0,0.0,0.0,BRAVE TURN,,,,,,,,,,,,,,,,,,,,
Offshore,DanTysk,"SWT-3,6MW",GDT045,Gearbox,,,,,,,2018-08-05,,2018-09-07,2018-10-10,1616136.2,192597.25972,,0.0,0.0,0.0,,1030341.0,1027287.0,,,,,,,,,,,,,,,,,,
Offshore,Alpha Ventus,"Re5-5,1MW",GAV001,Gearbox,,,,Winergy PZFB 3680,,2009-01-01 00:00:00,2015-08-20,,2018-09-09,,0.0,0.0,,0.0,0.0,0.0,,,,,,,,,,,,,,,,,,,,,
Offshore,Horns Rev 1,V80-2MW,WH1107,Transformer,Forced,40074272,,K833759,,,2018-08-14,,2018-09-17,2018-09-17,500893.39999999997,16923.0413,6108297,22281.624872824632,0.0,6561.7453145917,site CTV,1033129.0,,,,,,,,,,,,,,,,,,,
Offshore,Lillgrund,"SWT-2,3MW",SLGA04,Gearbox,Planned,"40085006, 40090389",,,,,2018-11-05,2018-10-01,2018-11-07,2018-11-20,171139.5,6307.713,6098447,35243.659999999996,51190.21,25594.89,SOUND PROSPECTOR,1064417.0,1069038.0,1070306.0,,,,,,,,,,,,,,,,,
Offshore,Lillgrund,"SWT-2,3MW",SLGB04,Gearbox,Planned,"40085006, 40090389",,,,,2018-11-06,2018-10-01,2018-11-07,2018-11-22,172789.4,6368.5236,6098448,46975.90285714286,51190.21,36403.8,SOUND PROSPECTOR,1064625.0,1064411.0,,,,,,,,,,,,,,,,,,
Offshore,Ormonde,"Re5-5,1MW",UOR4D3,Gearbox,Planned,,,,,,2018-11-19,,2018-12-02,2019-01-31,2174438.6999999997,197687.54124,370004860,184742.9775280899,150500.0,39283.51,BOLD TURN,1068503.0,,,,,,,,,,,,,,,,,,,
Offshore,Ormonde,"Re5-5,1MW",UOR2B8,Gearbox,Planned,,,,,,2018-11-22,,2018-12-03,2018-12-30,1562388.0999999999,142043.39812000003,370004840,184742.9775280899,150500.0,32654.63,BOLD TURN,1069845.0,,,,,,,,,,,,,,,,,,,
Offshore,Aberdeen,"V164-8,0MW",UABA03,Blade,Forced,,,,,,2019-02-07,,2019-03-20,2019-03-26,3563182.6999999997,378664.51579000003,,466378.0,514441.25,424528.25,Scylla,1097667.0,1100467.0,1116936.0,1116940.0,,,,,,,,,,,,,,,,
Offshore,Sandbank,"SWT-4,0-130",GSBA65,Gearbox,,,,need to be checked with site,,,2019-03-02,,2019-03-21,2019-04-09,1388185.4,165432.03724,,0.0,0.0,0.0,MPI Enterprise,1106451.0,1122367.0,1122488.0,,,,,,,,,,,,,,,,,
Offshore,Lillgrund,"SWT-2,3MW",SLGF04,Main bearing,Forced,,,,,,2018-11-06,2019-02-07,2019-03-28,2019-03-30,1574378.4,58027.0896,370004603,69384.34952380952,64791.11,67108.38,WIND PIONEER,1064629.0,1118290.0,,,,,,,,,,,,,,,,,,
Offshore,Lillgrund,"SWT-2,3MW",SLGE01,Gearbox,Planned,"40085006, 40090389",,,,,2019-03-27,2019-02-07,2019-04-01,2019-04-03,216538.69999999998,7980.997799999999,370003785,48131.538095238095,64791.11,20549.7,WIND PIONEER,1117254.0,1119944.0,,,,,,,,,,,,,,,,,,
Offshore,Lillgrund,"SWT-2,3MW",SLGC06,Gearbox,Planned,"40085006, 40090389",,,,,2019-03-28,2019-02-07,2019-04-01,2019-04-05,121501.09999999999,4478.183400000001,370003803,48131.538095238095,64791.11,19413.64,WIND PIONEER,1117649.0,,,,,,,,,,,,,,,,,,,
Offshore,Lillgrund,"SWT-2,3MW",SLGA06,Gearbox,Planned,"40085006, 40090389",,,,,2019-03-31,2019-02-07,2019-04-01,2019-04-05,108268.29999999999,3990.4602000000004,370003801,48131.538095238095,64791.11,19964.47,WIND PIONEER,1118436.0,1121130.0,,,,,,,,,,,,,,,,,,
Offshore,Thanet,V90-3MW,UTHF03,Generator,Forced,40127708,,,,,2019-02-04,2019-03-05,2019-04-03,2019-04-05,1213016.0,111025.62160000001,370005319,41320.65454545454,121759.66,6491.28,WIND,1096714.0,1102488.0,,,,,,,,,,,,,,,,,,
Offshore,Lillgrund,"SWT-2,3MW",SLGA03,Main bearing,Planned,,,,,,2019-03-26,2019-02-07,2019-04-10,2019-04-15,241780.69999999998,8911.345800000001,370005055,22782.505714285715,64791.11,17804.15,WIND PIONEER,1116713.0,1116793.0,,,,,,,,,,,,,,,,,,
Offshore,Egmond aan Zee,V90-3MW,NEZ015,Gearbox,Forced,40080800,,,,,2019-03-07,2019-04-09,2019-04-17,2019-05-07,1200402.7,34657.34081,6126737,111533.2968,101781.0,43047.3,WIND,1108542.0,1133215.0,1133227.0,1133287.0,,,,,,,,,,,,,,,,
Offshore,Thanet,V90-3MW,UTHD06,Generator,Forced,40130074,,,,,2019-04-09,2019-04-26,2019-05-19,2019-05-20,533355.9,48817.303589999996,6127964,28049.29090909091,124365.32239999999,5268.36,WIND,1122326.0,1122327.0,,,,,,,,,,,,,,,,,,
Offshore,Horns Rev 1,V80-2MW,WH1224,Transformer,Forced,,,,,,2018-10-31,,2019-05-30,2019-06-17,1985645.2,67086.44140000001,6126265,24804.037108433735,0.0,28235.916613119145,site CTV,1063237.0,,,,,,,,,,,,,,,,,,,
Offshore,Ormonde,"Re5-5,1MW",UOR3C2,Gearbox,Planned,40092922,,,,2011-10-19 00:00:00,2019-05-28,2019-05-06,2019-06-05,2019-06-09,368192.3,33473.93996,370006143,202964.83146067415,130240.37799999998,101015.83480898876,WIND SERVER,1141118.0,1141556.0,,,,,,,,,,,,,,,,,,
Offshore,Horns Rev 1,V80-2MW,WH1474,Transformer,Forced,,,,,,2018-10-31,,2019-06-30,2019-08-01,2630777.0999999996,88882.68345,6126305,24011.079692101743,0.0,37677.522168674695,site CTV,1063224.0,,,,,,,,,,,,,,,,,,,
Offshore,Sandbank,"SWT-4,0-130",GSBH61,Main bearing,,,,,,,2019-07-06,,2019-07-21,2019-08-05,440630.39999999997,52510.55424,,0.0,0.0,0.0,Pacific Orca,1159188.0,1157649.0,,,,,,,,,,,,,,,,,,
Offshore,Lillgrund,"SWT-2,3MW",SLGD07,Gearbox,Planned,"40085006, 40090389",,,,,2019-08-02,2019-06-20,2019-08-04,2019-09-06,346291.39999999997,12763.311599999999,370003736,50977.26703809524,46010.0,6589.34620952381,WIND,1172974.0,,,,,,,,,,,,,,,,,,,
Offshore,Ormonde,"Re5-5,1MW",UOR4D7,Gearbox,Planned,40099943,,,,,2019-08-12,2019-07-08,2019-08-29,2019-09-12,815551.7999999999,74145.30936000001,370007372,175949.4775280899,135138.25,45534.246067415734,MPI Enterprise,1178186.0,,,,,,,,,,,,,,,,,,,
Offshore,Horns Rev 1,V80-2MW,WH1225,Transformer,Forced,,,,,,2019-08-24,,2019-08-30,2019-09-04,109832.09999999999,3710.7559499999998,6133848,20029.486921017404,0.0,15156.457523427041,site CTV,1182259.0,,,,,,,,,,,,,,,,,,,
Offshore,Ormonde,"Re5-5,1MW",UOR4D4,Gearbox,Planned,40099943,,,,,2019-08-12,2019-07-08,2019-08-31,2019-09-18,950105.7999999999,86378.19016000001,370007253,175949.4775280899,135138.25,36124.628539325844,MPI Enterprise,1178169.0,,,,,,,,,,,,,,,,,,,
Offshore,Lillgrund,"SWT-2,3MW",SLGA01,Gearbox,Planned,"40085006, 40090389",4811002-020-1,4898234-0115-1,,,2019-08-31,2019-06-20,2019-09-21,2019-09-25,203499.8,7500.4212,370007796,73005.60762857144,46010.0,3817.787352380952,WIND,1185143.0,,,,,,,,,,,,,,,,,,,
Offshore,Lillgrund,"SWT-2,3MW",SLGB07,Generator,Forced,,40093688,40093688,,,2019-09-18,2019-09-27,2019-10-09,2019-10-10,272703.89999999997,10051.086599999999,370008838,15284.814400000001,48352.75466666667,4209.215942857142,WIND PIONEER,1191992.0,1200588.0,,,,,,,,,,,,,,,,,,
Offshore,Lillgrund,"SWT-2,3MW",SLGH03,Gearbox,Planned,"40085006, 40090389",Drive train ,Drive train,,,2019-08-05,2019-06-20,2019-10-15,2019-10-21,842898.7,31066.8378,370007093,100616.7881047619,47058.742971428575,5326.757685714286,WIND PIONEER,1174075.0,1174020.0,,,,,,,,,,,,,,,,,,
Offshore,Ormonde,"Re5-5,1MW",UOR2B7,Gearbox,Forced,,4822527-0050-2,4830412-0020-01,,,2019-10-12,2019-10-24,2019-11-06,2019-11-18,897786.3999999999,81621.60928,370009655,0.0,172000.0,15050.0,MPI Enterprise,1201179.0,,,,,,,,,,,,,,,,,,,
Offshore,Kentish Flats,V90-3MW,UKFB02,Blade,Forced,,781474 WHDL 45442,,,,2019-08-10,2019-11-12,2019-11-29,2019-12-04,463654.8,28481.652000000002,6134466,83864.39131086142,85741.41378277153,1545.42,WIND PIONEER,1177237.0,,,,,,,,,,,,,,,,,,,
Offshore,Kentish Flats,V90-3MW,UKFB02,Blade,Forced,,781474 WHDL 45435,,,,2019-08-10,2019-11-12,2019-11-29,2019-12-04,463654.8,28481.652000000002,6134466,83864.39131086142,85741.41378277153,0.0,WIND PIONEER,1177237.0,,,,,,,,,,,,,,,,,,,
Offshore,Kentish Flats,V90-3MW,UKFB02,Blade,Forced,,781474 WHDL 45461,,,,2019-08-10,2019-11-12,2019-11-29,2019-12-04,463654.8,28481.652000000002,6134466,83864.39131086142,85741.41378277153,0.0,WIND PIONEER,1177237.0,,,,,,,,,,,,,,,,,,,
Offshore,Thanet,V90-3MW,UTHC12,Gearbox,Forced,,EF901E-013L/LM0411,RW_EF901E-403/LM0244,,,2020-02-09,2020-02-20,2020-03-02,2020-03-19,1253226.0999999999,101017.75,6146253,128570.0,122230.94,38064.03,MPI Enterprise,1249859.0,,,,,,,,,,,,,,,,,,,
Offshore,Lillgrund,"SWT-2,3MW",SLGA07,Gearbox,Planned,,,4811570-0020-4,,,2020-03-27,2020-03-23,2020-03-28,2020-03-31,37450.7,285.52,370018440,55040.0,23736.0,26181.41,Wind PIONEER,1275829.0,1277413.0,,,,,,,,,,,,,,,,,,
Offshore,Horns Rev 3,"V164-8,0MW",WH3C06,Generator,Forced,,10G01197,10G01865,,,2020-03-22,,2020-03-30,2020-04-05,1270602.9,74603.28,,0.0,0.0,0.0,MPI Enterprise,1274526.0,1274530.0,1278966.0,1278984.0,1278987.0,1278993.0,1278999.0,1279005.0,1279014.0,1279210.0,1279283.0,1279305.0,1279756.0,,,,,,,
Offshore,Lillgrund,"SWT-2,3MW",SLGD06,Gearbox,Planned,,,4811563-0020-5,,,2020-03-28,2020-03-23,2020-03-30,2020-04-04,168016.09999999998,1033.72,370016881,55040.0,23736.0,26181.41,WIND PIONEER,1276075.0,,,,,,,,,,,,,,,,,,,
Offshore,Horns Rev 3,"V164-8,0MW",WH3D05,Gearbox,Forced,,72802194882,5323979,,,2020-03-15,,2020-04-07,2020-04-09,2092582.7999999998,121169.7,,0.0,0.0,0.0,MPI Enterprise,1272035.0,1272668.0,1280825.0,,,,,,,,,,,,,,,,,
Offshore,Horns Rev 3,"V164-8,0MW",WH3C06,Gearbox,Forced,,72802195257,72802190970R1,,,2020-05-19,,2020-06-06,2020-06-07,1057877.8,56540.27,,0.0,0.0,0.0,MPI Enterprise,1295853.0,,,,,,,,,,,,,,,,,,,
Offshore,Horns Rev 3,"V164-8,0MW",WH3F07,Gearbox,Forced,,72802195107,5436435,,,2020-06-07,,2020-06-08,2020-06-17,460862.49999999994,28622.52,,0.0,0.0,0.0,MPI Enterprise,1303816.0,1305900.0,,,,,,,,,,,,,,,,,,
Offshore,Kentish Flats,V90-3MW,UKFC04,Generator,Forced,,625204,624963R1,,,2020-02-05,2020-05-27,2020-06-12,2020-06-15,2617734.6999999997,120597.8,6146254,24877.649999999998,103292.02,21923.98,Wind,1247357.0,1283876.0,1283877.0,1283878.0,1283935.0,1284007.0,1286659.0,,,,,,,,,,,,,
Offshore,Kentish Flats,V90-3MW,UKFB01,Blade,Forced,,45483,45435,,,2020-06-12,2020-07-14,2020-07-21,2020-07-22,383650.39999999997,18004.53,6152081,55900.0,134000.04,38652.7,Wind PIONEER,1305575.0,,,,,,,,,,,,,,,,,,,
Offshore,Horns Rev 3,"V164-8,0MW",WH3A05,Blade,Forced,,310118,310038,,,2020-06-15,,2020-08-01,2020-08-02,2844236.5,174614.4,,0.0,0.0,0.0,Blue TURN,1306316.0,,,,,,,,,,,,,,,,,,,
Offshore,Sandbank,"SWT-4,0-130",GSBB41,Gearbox,Forced,,108300,4900835-0035-1,,,2020-06-17,,2020-08-10,2020-08-13,908198.2,104928.59999999999,,0.0,0.0,0.0,Pacific Orca,1307244.0,,,,,,,,,,,,,,,,,,,
Offshore,Ormonde,"Re5-5,1MW",UOR1A4,Gearbox,Planned,,4830413-0020-1,4830412-20-2,,,2020-08-11,2020-06-22,2020-08-13,2020-08-23,274552.6,23243.65,370013496,207299.56,140109.91,40303.47,Wind Enterprise,1335042.0,1339098.0,1339353.0,1339382.0,1339391.0,1341128.0,,,,,,,,,,,,,,
Offshore,Ormonde,"Re5-5,1MW",UOR4D8,Gearbox,Planned,,4827305-0020-1,4832824-0020-1,,,2020-08-12,2020-06-22,2020-08-14,2020-08-27,411595.8,34953.409999999996,370031868,207299.56,140109.91,40303.47,Wind Enterprise,1335682.0,1341799.0,1341804.0,1341838.0,1341867.0,1341880.0,1341881.0,1341902.0,1352725.0,1352726.0,1352731.0,1352732.0,1352737.0,1352740.0,1352741.0,1352744.0,1352755.0,,,
Offshore,Thanet,V90-3MW,UTHB02,Generator,Forced,,624090,637283,,,2020-08-27,2020-09-01,2020-09-08,2020-09-10,193657.8,17240.85,6154028,52460.0,104995.68,9656.94,Wind,1353208.0,,,,,,,,,,,,,,,,,,,
Offshore,Thanet,V90-3MW,UTHE03,Generator,Forced,,624801,638491,,,2020-08-18,2020-09-01,2020-09-09,2020-09-12,369530.69999999995,32158.41,6154039,52460.0,104995.68,9656.94,Wind,1339113.0,1359972.0,,,,,,,,,,,,,,,,,,
Offshore,Sandbank,"SWT-4,0-130",GSBE15,Main bearing,Planned,,swp-vhm-269712,5100308752,,,2020-09-15,,2020-09-21,2020-09-28,258752.9,30629.329999999998,,0.0,0.0,0.0,Pacific Orca,1361563.0,,,,,,,,,,,,,,,,,,,
Offshore,Horns Rev 1,V80-2MW,WH1102,Gearbox,Planned,,793000001038,793000000413,,,2020-09-28,2020-09-16,2020-09-30,2020-10-23,446135.19999999995,9775.619999999999,6154378,41555.2,64299.19,20082.72,Wind,1366818.0,1376229.0,,,,,,,,,,,,,,,,,,
Offshore,Aberdeen,"V164-8,0MW",UABB06,Generator,Forced,,10G01159,10G02049,,,2020-08-20,,2020-10-02,2020-10-05,2956119.5999999996,307904.51,,0.0,0.0,0.0,Blue Tern,1339862.0,,,,,,,,,,,,,,,,,,,
Offshore,Horns Rev 1,V80-2MW,WH1101,Gearbox,Planned,,793000000047,72802012789,,,2020-09-28,2020-09-16,2020-10-13,2020-11-09,799236.2,15000.55,6154380,41555.2,64299.19,6653.82,Wind,1366832.0,,,,,,,,,,,,,,,,,,,
Offshore,Horns Rev 1,V80-2MW,WH1463,Gearbox,Planned,,793000000404,793000000509,,,2020-10-11,2020-09-16,2020-10-15,2020-10-29,362149.19999999995,7319.03,"6154381 ,6149568",41555.2,64299.19,15146.75,Wind,1371401.0,,,,,,,,,,,,,,,,,,,
Offshore,Horns Rev 1,V80-2MW,WH1598,Gearbox,Planned,,793000000405,72802019839,,,2020-10-13,2020-09-16,2020-10-16,2020-11-03,446512.5,7894.8,6154522,41555.2,64299.19,16806.55,Wind,1371914.0,1378601.0,1378602.0,1379505.0,1379599.0,1379604.0,,,,,,,,,,,,,,
Offshore,Lillgrund,"SWT-2,3MW",SLGG04,Gearbox,Planned,,4812014-0020-1 ,4903972-0115-1,,,2020-10-20,2020-10-09,2020-10-21,2020-10-22,42671.299999999996,648.4399999999999,370016917,75497.25,52632.43,24083.44,WIND PIONEER,1374263.0,,,,,,,,,,,,,,,,,,,
Offshore,Lillgrund,"SWT-2,3MW",SLGC05,Generator,Forced,,4591206,4589230,,,2020-09-10,2020-10-13,2020-10-26,2020-10-27,374671.5,6283.16,370035180,15151.05,70799.93,15082.68,Wind,1359316.0,,,,,,,,,,,,,,,,,,,
Offshore,Lillgrund,"SWT-2,3MW",SLGA06,Generator,Forced,,4591143,4591448,,,2020-11-02,2020-11-16,2020-11-25,2020-11-26,360293.5,6373.89,370039189,29885.0,67144.93,13261.199999999999,Wind,1381009.0,,,,,,,,,,,,,,,,,,,
Offshore,DanTysk,"SWT-3,6MW",GDT015,Gearbox,Forced,,4850222-0100-1,4898083-0035-1,,,2020-09-05,2020-09-11,2020-11-26,2020-12-05,2363232.1999999997,280889.76,370035200,165646.75,111079.31999999999,1793.96,Blue Tern,1356735.0,1396434.0,,,,,,,,,,,,,,,,,,
Offshore,DanTysk,"SWT-3,6MW",GDT071,Generator,Forced,,4628623,4628623,,,2020-07-07,2020-09-11,2020-11-27,2020-11-30,3499108.1999999997,216573.37,370032169,52388.62,481276.21,1815.46,Blue Tern,1320763.0,1320806.0,1320809.0,1320811.0,1320813.0,1320819.0,1320820.0,1320821.0,1326824.0,1326825.0,1326828.0,1326829.0,1328404.0,1328405.0,1328406.0,1328409.0,1328414.0,1328415.0,,
Offshore,Thanet,V90-3MW,UTHB09,Generator,Forced,,,625204R1,,,2020-10-23,2020-11-02,2020-12-05,2020-12-12,688903.6,93682.81,6157094,28020.95,121690.0,0.0,Wind Enterprise,1376329.0,1395213.0,,,,,,,,,,,,,,,,,,
Offshore,Horns Rev 3,"V164-8,0MW",WH3F07,Gearbox,Forced,,5436435,72802195706R1,,,2020-12-28,,2021-01-30,2021-02-02,2655828.0,162825.95,,0.0,0.0,2381.34,Blue Tern,1406664.0,1423094.0,1423498.0,1423646.0,1423648.0,1423660.0,1423719.0,1423877.0,1423887.0,1424184.0,1424199.0,1424225.0,1424799.0,,,,,,,
Offshore,Horns Rev 3,"V164-8,0MW",WH3F08,Gearbox,Forced,,72802194881,72802190991,,,2021-01-20,,2021-02-01,2021-02-06,1164307.9,70106.34,,0.0,0.0,2381.34,Blue Tern,1415837.0,1424589.0,1424590.0,1424596.0,1424604.0,1424607.0,1424637.0,1424653.0,1424753.0,,,,,,,,,,,
,,,,,,,,,,,,,,,0.0,0.0,,0.0,0.0,0.0,,,,,,,,,,,,,,,,,,,,,
,,,,,,,,,,,,,,,0.0,0.0,,0.0,0.0,0.0,,,,,,,,,,,,,,,,,,,,,
,,,,,,,,,,,,,,,0.0,0.0,,0.0,0.0,0.0,,,,,,,,,,,,,,,,,,,,,
,,,,,,,,,,,,,,,0.0,0.0,,0.0,0.0,0.0,,,,,,,,,,,,,,,,,,,,,
,,,,,,,,,,,,,,,0.0,0.0,,0.0,0.0,0.0,,,,,,,,,,,,,,,,,,,,,
,,,,,,,,,,,,,,,0.0,0.0,,0.0,0.0,0.0,,,,,,,,,,,,,,,,,,,,,
,,,,,,,,,,,,,,,0.0,0.0,,0.0,0.0,0.0,,,,,,,,,,,,,,,,,,,,,
,,,,,,,,,,,,,,,0.0,0.0,,0.0,0.0,0.0,,,,,,,,,,,,,,,,,,,,,
,,,,,,,,,,,,,,,0.0,0.0,,0.0,0.0,0.0,,,,,,,,,,,,,,,,,,,,,
,,,,,,,,,,,,,,,0.0,0.0,,0.0,0.0,0.0,,,,,,,,,,,,,,,,,,,,,
,,,,,,,,,,,,,,,0.0,0.0,,0.0,0.0,0.0,,,,,,,,,,,,,,,,,,,,,
,,,,,,,,,,,,,,,0.0,0.0,,0.0,0.0,0.0,,,,,,,,,,,,,,,,,,,,,
,,,,,,,,,,,,,,,0.0,0.0,,0.0,0.0,0.0,,,,,,,,,,,,,,,,,,,,,
,,,,,,,,,,,,,,,0.0,0.0,,0.0,0.0,0.0,,,,,,,,,,,,,,,,,,,,,
,,,,,,,,,,,,,,,0.0,0.0,,0.0,0.0,0.0,,,,,,,,,,,,,,,,,,,,,
,,,,,,,,,,,,,,,0.0,0.0,,0.0,0.0,0.0,,,,,,,,,,,,,,,,,,,,,
,,,,,,,,,,,,,,,0.0,0.0,,0.0,0.0,0.0,,,,,,,,,,,,,,,,,,,,,
,,,,,,,,,,,,,,,0.0,0.0,,0.0,0.0,0.0,,,,,,,,,,,,,,,,,,,,,
,,,,,,,,,,,,,,,0.0,0.0,,0.0,0.0,0.0,,,,,,,,,,,,,,,,,,,,,
,,,,,,,,,,,,,,,0.0,0.0,,0.0,0.0,0.0,,,,,,,,,,,,,,,,,,,,,
,,,,,,,,,,,,,,,0.0,0.0,,0.0,0.0,0.0,,,,,,,,,,,,,,,,,,,,,
,,,,,,,,,,,,,,,0.0,0.0,,0.0,0.0,0.0,,,,,,,,,,,,,,,,,,,,,
,,,,,,,,,,,,,,,0.0,0.0,,0.0,0.0,0.0,,,,,,,,,,,,,,,,,,,,,
